work_rank,monster,ready,ignored_noncombat,edge_case,unsupported_count,complexity,unsupported_families,mechanics,fingerprint
6,Seahorse,False,False,False,1,0,no-attack-roll,,combat-math-none
,Awakened Tree,True,False,False,0,3,,attack-roll | damage | damage:bludgeoning,attack-roll+damage+damage:bludgeoning
,Camel,True,False,False,0,3,,attack-roll | damage | damage:bludgeoning,attack-roll+damage+damage:bludgeoning
,Crab,True,False,False,0,3,,attack-roll | damage | damage:bludgeoning,attack-roll+damage+damage:bludgeoning
,Deer,True,False,False,0,3,,attack-roll | damage | damage:bludgeoning,attack-roll+damage+damage:bludgeoning
,Draft Horse,True,False,False,0,3,,attack-roll | damage | damage:bludgeoning,attack-roll+damage+damage:bludgeoning
25,Giant Seahorse,False,False,False,2,3,bonus-action | unsupported-action-rider,attack-roll | damage | damage:bludgeoning,attack-roll+damage+damage:bludgeoning
,Goat,True,False,False,0,3,,attack-roll | damage | damage:bludgeoning,attack-roll+damage+damage:bludgeoning
,Mule,True,False,False,0,3,,attack-roll | damage | damage:bludgeoning,attack-roll+damage+damage:bludgeoning
,Pony,True,False,False,0,3,,attack-roll | damage | damage:bludgeoning,attack-roll+damage+damage:bludgeoning
,Riding Horse,True,False,False,0,3,,attack-roll | damage | damage:bludgeoning,attack-roll+damage+damage:bludgeoning
,Giant Fire Beetle,True,False,False,0,3,,attack-roll | damage | damage:fire,attack-roll+damage+damage:fire
,Badger,True,False,False,0,3,,attack-roll | damage | damage:piercing,attack-roll+damage+damage:piercing
,Bat,True,False,False,0,3,,attack-roll | damage | damage:piercing,attack-roll+damage+damage:piercing
,Frog,True,False,False,0,3,,attack-roll | damage | damage:piercing,attack-roll+damage+damage:piercing
,Giant Badger,True,False,False,0,3,,attack-roll | damage | damage:piercing,attack-roll+damage+damage:piercing
,Giant Bat,True,False,False,0,3,,attack-roll | damage | damage:piercing,attack-roll+damage+damage:piercing
,Giant Lizard,True,False,False,0,3,,attack-roll | damage | damage:piercing,attack-roll+damage+damage:piercing
,Giant Weasel,True,False,False,0,3,,attack-roll | damage | damage:piercing,attack-roll+damage+damage:piercing
,Goblin Minion,True,False,False,0,3,,attack-roll | damage | damage:piercing,attack-roll+damage+damage:piercing
,Guard,True,False,False,0,3,,attack-roll | damage | damage:piercing,attack-roll+damage+damage:piercing
,Jackal,True,False,False,0,3,,attack-roll | damage | damage:piercing,attack-roll+damage+damage:piercing
,Killer Whale,True,False,False,0,3,,attack-roll | damage | damage:piercing,attack-roll+damage+damage:piercing
,Lizard,True,False,False,0,3,,attack-roll | damage | damage:piercing,attack-roll+damage+damage:piercing
,Noble,True,False,False,0,3,,attack-roll | damage | damage:piercing,attack-roll+damage+damage:piercing
,Plesiosaurus,True,False,False,0,3,,attack-roll | damage | damage:piercing,attack-roll+damage+damage:piercing
,Pteranodon,True,False,False,0,3,,attack-roll | damage | damage:piercing,attack-roll+damage+damage:piercing
,Rat,True,False,False,0,3,,attack-roll | damage | damage:piercing,attack-roll+damage+damage:piercing
,Raven,True,False,False,0,3,,attack-roll | damage | damage:piercing,attack-roll+damage+damage:piercing
,Skeleton,True,False,False,0,3,,attack-roll | damage | damage:piercing,attack-roll+damage+damage:piercing
,Weasel,True,False,False,0,3,,attack-roll | damage | damage:piercing,attack-roll+damage+damage:piercing
,Lemure,True,False,False,0,3,,attack-roll | damage | damage:poison,attack-roll+damage+damage:poison
,Animated Flying Sword,True,False,False,0,3,,attack-roll | damage | damage:slashing,attack-roll+damage+damage:slashing
,Awakened Shrub,True,False,False,0,3,,attack-roll | damage | damage:slashing,attack-roll+damage+damage:slashing
,Axe Beak,True,False,False,0,3,,attack-roll | damage | damage:slashing,attack-roll+damage+damage:slashing
,Cat,True,False,False,0,3,,attack-roll | damage | damage:slashing,attack-roll+damage+damage:slashing
,Eagle,True,False,False,0,3,,attack-roll | damage | damage:slashing,attack-roll+damage+damage:slashing
,Hawk,True,False,False,0,3,,attack-roll | damage | damage:slashing,attack-roll+damage+damage:slashing
,Owl,True,False,False,0,3,,attack-roll | damage | damage:slashing,attack-roll+damage+damage:slashing
,Panther,True,False,False,0,3,,attack-roll | damage | damage:slashing,attack-roll+damage+damage:slashing
,Shrieker Fungus,False,True,False,0,3,,aura,aura
,Commoner,True,False,False,0,4,,advantage | attack-roll | damage | damage:bludgeoning,advantage+attack-roll+damage+damage:bludgeoning
,Worg,True,False,False,0,4,,advantage | attack-roll | damage | damage:piercing,advantage+attack-roll+damage+damage:piercing
,Berserker,True,False,False,0,4,,advantage | attack-roll | damage | damage:slashing,advantage+attack-roll+damage+damage:slashing
,Giant Crab,True,False,False,0,4,,attack-roll | condition:grappled | damage | damage:bludgeoning,attack-roll+condition:grappled+damage+damage:bludgeoning
,Giant Centipede,True,False,False,0,4,,attack-roll | condition:poisoned | damage | damage:piercing,attack-roll+condition:poisoned+damage+damage:piercing
,Elk,True,False,False,0,4,,attack-roll | condition:prone | damage | damage:bludgeoning,attack-roll+condition:prone+damage+damage:bludgeoning
,Giant Goat,True,False,False,0,4,,attack-roll | condition:prone | damage | damage:bludgeoning,attack-roll+condition:prone+damage+damage:bludgeoning
,Warhorse,True,False,False,0,4,,attack-roll | condition:prone | damage | damage:bludgeoning,attack-roll+condition:prone+damage+damage:bludgeoning
,Warhorse Skeleton,True,False,False,0,4,,attack-roll | condition:prone | damage | damage:bludgeoning,attack-roll+condition:prone+damage+damage:bludgeoning
,Mastiff,True,False,False,0,4,,attack-roll | condition:prone | damage | damage:piercing,attack-roll+condition:prone+damage+damage:piercing
,Rhinoceros,True,False,False,0,4,,attack-roll | condition:prone | damage | damage:piercing,attack-roll+condition:prone+damage+damage:piercing
,Tiger,True,False,False,0,4,,attack-roll | condition:prone | damage | damage:slashing,attack-roll+condition:prone+damage+damage:slashing
7,Ochre Jelly,False,False,False,1,4,reaction,attack-roll | damage | damage:acid | damage:slashing,attack-roll+damage+damage:acid+damage:slashing
,Ogre,True,False,False,0,4,,attack-roll | damage | damage:bludgeoning | damage:piercing,attack-roll+damage+damage:bludgeoning+damage:piercing
,Grimlock,True,False,False,0,4,,attack-roll | damage | damage:bludgeoning | damage:psychic,attack-roll+damage+damage:bludgeoning+damage:psychic
,Pegasus,True,False,False,0,4,,attack-roll | damage | damage:bludgeoning | damage:radiant,attack-roll+damage+damage:bludgeoning+damage:radiant
,Animated Armor,True,False,False,0,4,,attack-roll | damage | damage:bludgeoning | multiattack,attack-roll+damage+damage:bludgeoning+multiattack
,Merfolk Skirmisher,True,False,False,0,4,,attack-roll | damage | damage:cold | damage:piercing,attack-roll+damage+damage:cold+damage:piercing
,Cultist,True,False,False,0,4,,attack-roll | damage | damage:necrotic | damage:slashing,attack-roll+damage+damage:necrotic+damage:slashing
,Violet Fungus,True,False,False,0,4,,attack-roll | damage | damage:necrotic | multiattack,attack-roll+damage+damage:necrotic+multiattack
,Flying Snake,True,False,False,0,4,,attack-roll | damage | damage:piercing | damage:poison,attack-roll+damage+damage:piercing+damage:poison
,Giant Venomous Snake,True,False,False,0,4,,attack-roll | damage | damage:piercing | damage:poison,attack-roll+damage+damage:piercing+damage:poison
,Giant Wasp,True,False,False,0,4,,attack-roll | damage | damage:piercing | damage:poison,attack-roll+damage+damage:piercing+damage:poison
,Giant Wolf Spider,True,False,False,0,4,,attack-roll | damage | damage:piercing | damage:poison,attack-roll+damage+damage:piercing+damage:poison
,Scorpion,True,False,False,0,4,,attack-roll | damage | damage:piercing | damage:poison,attack-roll+damage+damage:piercing+damage:poison
,Spider,True,False,False,0,4,,attack-roll | damage | damage:piercing | damage:poison,attack-roll+damage+damage:piercing+damage:poison
,Spy,True,False,False,0,4,,attack-roll | damage | damage:piercing | damage:poison,attack-roll+damage+damage:piercing+damage:poison
,Venomous Snake,True,False,False,0,4,,attack-roll | damage | damage:piercing | damage:poison,attack-roll+damage+damage:piercing+damage:poison
,Bandit,True,False,False,0,4,,attack-roll | damage | damage:piercing | damage:slashing,attack-roll+damage+damage:piercing+damage:slashing
,Archelon,True,False,False,0,4,,attack-roll | damage | damage:piercing | multiattack,attack-roll+damage+damage:piercing+multiattack
,Hippopotamus,True,False,False,0,4,,attack-roll | damage | damage:piercing | multiattack,attack-roll+damage+damage:piercing+multiattack
,Scout,True,False,False,0,4,,attack-roll | damage | damage:piercing | multiattack,attack-roll+damage+damage:piercing+multiattack
,Black Bear,True,False,False,0,4,,attack-roll | damage | damage:slashing | multiattack,attack-roll+damage+damage:slashing+multiattack
,Gargoyle,True,False,False,0,4,,attack-roll | damage | damage:slashing | multiattack,attack-roll+damage+damage:slashing+multiattack
,Hippogriff,True,False,False,0,4,,attack-roll | damage | damage:slashing | multiattack,attack-roll+damage+damage:slashing+multiattack
,Owlbear,True,False,False,0,4,,attack-roll | damage | damage:slashing | multiattack,attack-roll+damage+damage:slashing+multiattack
,Polar Bear,True,False,False,0,4,,attack-roll | damage | damage:slashing | multiattack,attack-roll+damage+damage:slashing+multiattack
,Saber-Toothed Tiger,True,False,False,0,4,,attack-roll | damage | damage:slashing | multiattack,attack-roll+damage+damage:slashing+multiattack
,Bugbear Warrior,True,False,False,0,5,,advantage | attack-roll | condition:grappled | damage | damage:bludgeoning,advantage+attack-roll+condition:grappled+damage+damage:bludgeoning
,Boar,True,False,False,0,5,,advantage | attack-roll | condition:prone | damage | damage:piercing,advantage+attack-roll+condition:prone+damage+damage:piercing
,Giant Boar,True,False,False,0,5,,advantage | attack-roll | condition:prone | damage | damage:piercing,advantage+attack-roll+condition:prone+damage+damage:piercing
,Goblin Warrior,True,False,False,0,5,,advantage | attack-roll | damage | damage:piercing | damage:slashing,advantage+attack-roll+damage+damage:piercing+damage:slashing
1,Hunter Shark,False,False,False,0,5,,advantage | attack-roll | damage | damage:piercing | injured-target-advantage,advantage+attack-roll+damage+damage:piercing+injured-target-advantage
2,Piranha,False,False,False,0,5,,advantage | attack-roll | damage | damage:piercing | injured-target-advantage,advantage+attack-roll+damage+damage:piercing+injured-target-advantage
,Crocodile,True,False,False,0,5,,attack-roll | condition:grappled | condition:restrained | damage | damage:piercing,attack-roll+condition:grappled+condition:restrained+damage+damage:piercing
,Griffon,True,False,False,0,5,,attack-roll | condition:grappled | damage | damage:piercing | multiattack,attack-roll+condition:grappled+damage+damage:piercing+multiattack
,Minotaur Skeleton,True,False,False,0,5,,attack-roll | condition:prone | damage | damage:bludgeoning | damage:piercing,attack-roll+condition:prone+damage+damage:bludgeoning+damage:piercing
,Giant Elk,True,False,False,0,5,,attack-roll | condition:prone | damage | damage:bludgeoning | damage:radiant,attack-roll+condition:prone+damage+damage:bludgeoning+damage:radiant
,Ankylosaurus,True,False,False,0,5,,attack-roll | condition:prone | damage | damage:bludgeoning | multiattack,attack-roll+condition:prone+damage+damage:bludgeoning+multiattack
26,Earth Elemental,False,False,False,2,5,condition-or-control | trait,attack-roll | condition:prone | damage | damage:bludgeoning | multiattack,attack-roll+condition:prone+damage+damage:bludgeoning+multiattack
,Allosaurus,True,False,False,0,5,,attack-roll | condition:prone | damage | damage:piercing | damage:slashing,attack-roll+condition:prone+damage+damage:piercing+damage:slashing
,Triceratops,True,False,False,0,5,,attack-roll | condition:prone | damage | damage:piercing | multiattack,attack-roll+condition:prone+damage+damage:piercing+multiattack
27,Gray Ooze,False,False,False,2,5,spellcasting | trait,attack-roll | damage | damage:acid | flat-modifier,attack-roll+damage+damage:acid+flat-modifier
,Bandit Captain,True,False,False,0,5,,attack-roll | damage | damage:piercing | damage:slashing | multiattack,attack-roll+damage+damage:piercing+damage:slashing+multiattack
,Guard Captain,True,False,False,0,5,,attack-roll | damage | damage:piercing | damage:slashing | multiattack,attack-roll+damage+damage:piercing+damage:slashing+multiattack
,Manticore,True,False,False,0,5,,attack-roll | damage | damage:piercing | damage:slashing | multiattack,attack-roll+damage+damage:piercing+damage:slashing+multiattack
,Warrior Veteran,True,False,False,0,5,,attack-roll | damage | damage:piercing | damage:slashing | multiattack,attack-roll+damage+damage:piercing+damage:slashing+multiattack
28,Giant Hyena,False,False,False,2,5,bonus-action | limited-use,attack-roll | damage | damage:piercing | limited-use,attack-roll+damage+damage:piercing+limited-use
29,Gnoll Warrior,False,False,False,2,5,bonus-action | limited-use,attack-roll | damage | damage:piercing | limited-use,attack-roll+damage+damage:piercing+limited-use
,Blink Dog,True,False,False,0,5,,attack-roll | damage | damage:piercing | recharge,attack-roll+damage+damage:piercing+recharge
,Giant Eagle,True,False,False,0,5,,attack-roll | damage | damage:radiant | damage:slashing | multiattack,attack-roll+damage+damage:radiant+damage:slashing+multiattack
3,Giant Shark,False,False,False,0,6,,advantage | attack-roll | damage | damage:piercing | injured-target-advantage | multiattack,advantage+attack-roll+damage+damage:piercing+injured-target-advantage+multiattack
8,Animated Rug of Smothering,False,False,False,1,6,condition-or-control,attack-roll | condition:blinded | condition:grappled | condition:restrained | damage | damage:bludgeoning,attack-roll+condition:blinded+condition:grappled+condition:restrained+damage+damage:bludgeoning
,Grick,True,False,False,0,6,,attack-roll | condition:grappled | damage | damage:piercing | damage:slashing | multiattack,attack-roll+condition:grappled+damage+damage:piercing+damage:slashing+multiattack
,Hill Giant,True,False,False,0,6,,attack-roll | condition:poisoned | condition:prone | damage | damage:bludgeoning | multiattack,attack-roll+condition:poisoned+condition:prone+damage+damage:bludgeoning+multiattack
,Wyvern,True,False,False,0,6,,attack-roll | condition:poisoned | damage | damage:piercing | damage:poison | multiattack,attack-roll+condition:poisoned+damage+damage:piercing+damage:poison+multiattack
,Merrow,True,False,False,0,6,,attack-roll | condition:poisoned | damage | damage:piercing | damage:slashing | multiattack,attack-roll+condition:poisoned+damage+damage:piercing+damage:slashing+multiattack
,Brown Bear,True,False,False,0,6,,attack-roll | condition:prone | damage | damage:piercing | damage:slashing | multiattack,attack-roll+condition:prone+damage+damage:piercing+damage:slashing+multiattack
77,Black Pudding,False,False,False,3,6,reaction | spellcasting | trait,attack-roll | damage | damage:acid | damage:slashing | flat-modifier,attack-roll+damage+damage:acid+damage:slashing+flat-modifier
,Ape,True,False,False,0,6,,attack-roll | damage | damage:bludgeoning | multiattack | recharge,attack-roll+damage+damage:bludgeoning+multiattack+recharge
,Knight,True,False,False,0,6,,attack-roll | damage | damage:piercing | damage:radiant | damage:slashing | multiattack,attack-roll+damage+damage:piercing+damage:radiant+damage:slashing+multiattack
,Nightmare,True,False,False,0,7,,attack-roll | aura | damage | damage:bludgeoning | damage:fire,attack-roll+aura+damage+damage:bludgeoning+damage:fire
9,Roper,False,False,False,1,7,condition-or-control,attack-roll | condition:grappled | condition:poisoned | damage | damage:piercing | damage:psychic | multiattack,attack-roll+condition:grappled+condition:poisoned+damage+damage:piercing+damage:psychic+multiattack
78,Giant Octopus,False,False,False,3,7,condition-or-control | limited-use | reaction,attack-roll | condition:grappled | condition:restrained | damage | damage:bludgeoning | limited-use,attack-roll+condition:grappled+condition:restrained+damage+damage:bludgeoning+limited-use
,Giant Scorpion,True,False,False,0,7,,attack-roll | condition:grappled | damage | damage:bludgeoning | damage:piercing | damage:poison | multiattack,attack-roll+condition:grappled+damage+damage:bludgeoning+damage:piercing+damage:poison+multiattack
30,Homunculus,False,False,False,2,7,condition-or-control | save-or-complex-action,attack-roll | condition:poisoned | condition:unconscious | damage | damage:piercing | saving-throw,attack-roll+condition:poisoned+condition:unconscious+damage+damage:piercing+saving-throw
,Ettin,True,False,False,0,7,,attack-roll | condition:prone | damage | damage:piercing | damage:slashing | disadvantage | multiattack,attack-roll+condition:prone+damage+damage:piercing+damage:slashing+disadvantage+multiattack
,Fire Giant,True,False,False,0,7,,attack-roll | damage | damage:bludgeoning | damage:fire | damage:slashing | disadvantage | multiattack,attack-roll+damage+damage:bludgeoning+damage:fire+damage:slashing+disadvantage+multiattack
,Swarm of Bats,True,False,False,0,7,,attack-roll | damage | damage:piercing | healing | temporary-hp,attack-roll+damage+damage:piercing+healing+temporary-hp
,Swarm of Rats,True,False,False,0,7,,attack-roll | damage | damage:piercing | healing | temporary-hp,attack-roll+damage+damage:piercing+healing+temporary-hp
,Swarm of Insects,True,False,False,0,7,,attack-roll | damage | damage:poison | healing | temporary-hp,attack-roll+damage+damage:poison+healing+temporary-hp
10,Shadow,False,False,False,1,8,ability-score-change,ability-score-change | attack-roll | damage | damage:necrotic | disadvantage,ability-score-change+attack-roll+damage+damage:necrotic+disadvantage
,Baboon,True,False,False,0,8,,advantage | attack-roll | aura | condition:incapacitated | damage | damage:piercing,advantage+attack-roll+aura+condition:incapacitated+damage+damage:piercing
,Blood Hawk,True,False,False,0,8,,advantage | attack-roll | aura | condition:incapacitated | damage | damage:piercing,advantage+attack-roll+aura+condition:incapacitated+damage+damage:piercing
,Giant Rat,True,False,False,0,8,,advantage | attack-roll | aura | condition:incapacitated | damage | damage:piercing,advantage+attack-roll+aura+condition:incapacitated+damage+damage:piercing
,Hyena,True,False,False,0,8,,advantage | attack-roll | aura | condition:incapacitated | damage | damage:piercing,advantage+attack-roll+aura+condition:incapacitated+damage+damage:piercing
,Reef Shark,True,False,False,0,8,,advantage | attack-roll | aura | condition:incapacitated | damage | damage:piercing,advantage+attack-roll+aura+condition:incapacitated+damage+damage:piercing
,Vulture,True,False,False,0,8,,advantage | attack-roll | aura | condition:incapacitated | damage | damage:piercing,advantage+attack-roll+aura+condition:incapacitated+damage+damage:piercing
,Warrior Infantry,True,False,False,0,8,,advantage | attack-roll | aura | condition:incapacitated | damage | damage:piercing,advantage+attack-roll+aura+condition:incapacitated+damage+damage:piercing
4,Mimic,False,False,False,0,8,,advantage | attack-roll | condition:grappled | damage | damage:acid | damage:bludgeoning | damage:piercing | disadvantage,advantage+attack-roll+condition:grappled+damage+damage:acid+damage:bludgeoning+damage:piercing+disadvantage
11,Barbed Devil,False,False,False,1,8,trait,advantage | attack-roll | condition:grappled | damage | damage:fire | damage:piercing | damage:slashing | multiattack,advantage+attack-roll+condition:grappled+damage+damage:fire+damage:piercing+damage:slashing+multiattack
,Azer Sentinel,True,False,False,0,8,,attack-roll | aura | condition:incapacitated | damage | damage:bludgeoning | damage:fire,attack-roll+aura+condition:incapacitated+damage+damage:bludgeoning+damage:fire
31,Octopus,False,False,False,2,8,limited-use | reaction,attack-roll | aura | damage | damage:bludgeoning | limited-use,attack-roll+aura+damage+damage:bludgeoning+limited-use
12,Fire Elemental,False,False,False,1,8,trait,attack-roll | aura | damage | damage:cold | damage:fire | multiattack,attack-roll+aura+damage+damage:cold+damage:fire+multiattack
,Xorn,True,False,False,0,8,,attack-roll | aura | damage | damage:piercing | damage:slashing | multiattack,attack-roll+aura+damage+damage:piercing+damage:slashing+multiattack
32,Giant Frog,False,False,False,2,8,condition-or-control | unsupported-action-rider,attack-roll | condition:blinded | condition:grappled | condition:prone | condition:restrained | damage | damage:acid | damage:piercing,attack-roll+condition:blinded+condition:grappled+condition:prone+condition:restrained+damage+damage:acid+damage:piercing
,Giant Crocodile,True,False,False,0,8,,attack-roll | condition:grappled | condition:prone | condition:restrained | damage | damage:bludgeoning | damage:piercing | multiattack,attack-roll+condition:grappled+condition:prone+condition:restrained+damage+damage:bludgeoning+damage:piercing+multiattack
,Tyrannosaurus Rex,True,False,False,0,8,,attack-roll | condition:grappled | condition:prone | condition:restrained | damage | damage:bludgeoning | damage:piercing | multiattack,attack-roll+condition:grappled+condition:prone+condition:restrained+damage+damage:bludgeoning+damage:piercing+multiattack
33,Minotaur of Baphomet,False,False,False,2,8,condition-or-control | limited-use,attack-roll | condition:prone | damage | damage:necrotic | damage:piercing | damage:slashing | recharge,attack-roll+condition:prone+damage+damage:necrotic+damage:piercing+damage:slashing+recharge
,Swarm of Crawling Claws,True,False,False,0,8,,attack-roll | condition:prone | damage | damage:necrotic | healing | temporary-hp,attack-roll+condition:prone+damage+damage:necrotic+healing+temporary-hp
,Ogre Zombie,True,False,False,0,8,,attack-roll | damage | damage:bludgeoning | saving-throw | zero-hp-effect,attack-roll+damage+damage:bludgeoning+saving-throw+zero-hp-effect
,Zombie,True,False,False,0,8,,attack-roll | damage | damage:bludgeoning | saving-throw | zero-hp-effect,attack-roll+damage+damage:bludgeoning+saving-throw+zero-hp-effect
,Magmin,True,False,False,0,8,,attack-roll | damage | damage:fire | death-trigger | saving-throw,attack-roll+damage+damage:fire+death-trigger+saving-throw
34,Specter,False,False,False,2,8,trait | unsupported-action-rider,attack-roll | damage | damage:force | damage:necrotic | disadvantage | max-hp-change,attack-roll+damage+damage:force+damage:necrotic+disadvantage+max-hp-change
,Swarm of Venomous Snakes,True,False,False,0,8,,attack-roll | damage | damage:piercing | damage:poison | healing | temporary-hp,attack-roll+damage+damage:piercing+damage:poison+healing+temporary-hp
117,Half-Dragon,False,False,False,4,8,defense-clause | limited-use | save-or-complex-action | trait,attack-roll | damage | damage:slashing | multiattack | recharge | saving-throw,attack-roll+damage+damage:slashing+multiattack+recharge+saving-throw
,Giant Vulture,True,False,False,0,9,,advantage | attack-roll | aura | condition:incapacitated | condition:poisoned | damage | damage:piercing,advantage+attack-roll+aura+condition:incapacitated+condition:poisoned+damage+damage:piercing
,Dire Wolf,True,False,False,0,9,,advantage | attack-roll | aura | condition:incapacitated | condition:prone | damage | damage:piercing,advantage+attack-roll+aura+condition:incapacitated+condition:prone+damage+damage:piercing
,Wolf,True,False,False,0,9,,advantage | attack-roll | aura | condition:incapacitated | condition:prone | damage | damage:piercing,advantage+attack-roll+aura+condition:incapacitated+condition:prone+damage+damage:piercing
,Tough,True,False,False,0,9,,advantage | attack-roll | aura | condition:incapacitated | damage | damage:bludgeoning | damage:piercing,advantage+attack-roll+aura+condition:incapacitated+damage+damage:bludgeoning+damage:piercing
,Kobold Warrior,True,False,False,0,9,,advantage | attack-roll | aura | condition:incapacitated | damage | damage:piercing | disadvantage,advantage+attack-roll+aura+condition:incapacitated+damage+damage:piercing+disadvantage
,Goblin Boss,True,False,False,0,9,,advantage | attack-roll | aura | damage | damage:piercing | damage:slashing | multiattack,advantage+attack-roll+aura+damage+damage:piercing+damage:slashing+multiattack
,Sahuagin Warrior,True,False,False,0,9,,advantage | attack-roll | aura | damage | damage:slashing | injured-target-advantage | multiattack,advantage+attack-roll+aura+damage+damage:slashing+injured-target-advantage+multiattack
,Hezrou,True,False,False,0,9,,advantage | attack-roll | condition:poisoned | damage | damage:poison | damage:slashing | multiattack | saving-throw,advantage+attack-roll+condition:poisoned+damage+damage:poison+damage:slashing+multiattack+saving-throw
13,Imp,False,False,False,1,9,spellcasting,advantage | attack-roll | damage | damage:piercing | damage:poison | spellcasting,advantage+attack-roll+damage+damage:piercing+damage:poison+spellcasting
5,Swarm of Piranhas,False,False,False,0,9,,advantage | attack-roll | damage | damage:piercing | healing | injured-target-advantage | temporary-hp,advantage+attack-roll+damage+damage:piercing+healing+injured-target-advantage+temporary-hp
79,Dretch,False,False,False,3,9,condition-or-control | limited-use | save-or-complex-action,attack-roll | bonus-action | condition:poisoned | damage | damage:slashing | limited-use | saving-throw,attack-roll+bonus-action+condition:poisoned+damage+damage:slashing+limited-use+saving-throw
35,Copper Dragon Wyrmling,False,False,False,2,9,limited-use | save-or-complex-action,attack-roll | bonus-action | damage | damage:acid | damage:slashing | recharge | saving-throw,attack-roll+bonus-action+damage+damage:acid+damage:slashing+recharge+saving-throw
14,Giant Toad,False,False,False,1,9,condition-or-control,attack-roll | condition:blinded | condition:grappled | condition:prone | condition:restrained | damage | damage:acid | damage:piercing | damage:poison,attack-roll+condition:blinded+condition:grappled+condition:prone+condition:restrained+damage+damage:acid+damage:piercing+damage:poison
80,Invisible Stalker,False,False,False,3,9,save-or-complex-action | spellcasting | trait,attack-roll | condition:grappled | condition:invisible | damage | damage:force | damage:thunder | multiattack | saving-throw,attack-roll+condition:grappled+condition:invisible+damage+damage:force+damage:thunder+multiattack+saving-throw
81,Roc,False,False,False,3,9,bonus-action | condition-or-control | limited-use,attack-roll | condition:grappled | condition:restrained | damage | damage:piercing | damage:slashing | multiattack | recharge,attack-roll+condition:grappled+condition:restrained+damage+damage:piercing+damage:slashing+multiattack+recharge
36,Assassin,False,False,False,2,9,condition-or-control | trait,attack-roll | condition:incapacitated | condition:poisoned | damage | damage:piercing | damage:poison | multiattack | saving-throw,attack-roll+condition:incapacitated+condition:poisoned+damage+damage:piercing+damage:poison+multiattack+saving-throw
,Ghoul,True,False,False,0,9,,attack-roll | condition:paralyzed | damage | damage:necrotic | damage:piercing | damage:slashing | multiattack | saving-throw,attack-roll+condition:paralyzed+damage+damage:necrotic+damage:piercing+damage:slashing+multiattack+saving-throw
82,Air Elemental,False,False,False,3,9,condition-or-control | limited-use | save-or-complex-action,attack-roll | condition:prone | damage | damage:thunder | multiattack | recharge | saving-throw,attack-roll+condition:prone+damage+damage:thunder+multiattack+recharge+saving-throw
,Black Dragon Wyrmling,True,False,False,0,9,,attack-roll | damage | damage:acid | damage:slashing | multiattack | recharge | saving-throw,attack-roll+damage+damage:acid+damage:slashing+multiattack+recharge+saving-throw
,Young Black Dragon,True,False,False,0,9,,attack-roll | damage | damage:acid | damage:slashing | multiattack | recharge | saving-throw,attack-roll+damage+damage:acid+damage:slashing+multiattack+recharge+saving-throw
,White Dragon Wyrmling,True,False,False,0,9,,attack-roll | damage | damage:cold | damage:slashing | multiattack | recharge | saving-throw,attack-roll+damage+damage:cold+damage:slashing+multiattack+recharge+saving-throw
,Young White Dragon,True,False,False,0,9,,attack-roll | damage | damage:cold | damage:slashing | multiattack | recharge | saving-throw,attack-roll+damage+damage:cold+damage:slashing+multiattack+recharge+saving-throw
15,Hydra,False,False,False,1,9,trait,attack-roll | damage | damage:fire | damage:piercing | healing | multiattack | reaction,attack-roll+damage+damage:fire+damage:piercing+healing+multiattack+reaction
,Red Dragon Wyrmling,True,False,False,0,9,,attack-roll | damage | damage:fire | damage:slashing | multiattack | recharge | saving-throw,attack-roll+damage+damage:fire+damage:slashing+multiattack+recharge+saving-throw
,Young Red Dragon,True,False,False,0,9,,attack-roll | damage | damage:fire | damage:slashing | multiattack | recharge | saving-throw,attack-roll+damage+damage:fire+damage:slashing+multiattack+recharge+saving-throw
,Blue Dragon Wyrmling,True,False,False,0,9,,attack-roll | damage | damage:lightning | damage:slashing | multiattack | recharge | saving-throw,attack-roll+damage+damage:lightning+damage:slashing+multiattack+recharge+saving-throw
,Young Blue Dragon,True,False,False,0,9,,attack-roll | damage | damage:lightning | damage:slashing | multiattack | recharge | saving-throw,attack-roll+damage+damage:lightning+damage:slashing+multiattack+recharge+saving-throw
,Green Dragon Wyrmling,True,False,False,0,9,,attack-roll | damage | damage:poison | damage:slashing | multiattack | recharge | saving-throw,attack-roll+damage+damage:poison+damage:slashing+multiattack+recharge+saving-throw
,Young Green Dragon,True,False,False,0,9,,attack-roll | damage | damage:poison | damage:slashing | multiattack | recharge | saving-throw,attack-roll+damage+damage:poison+damage:slashing+multiattack+recharge+saving-throw
,Giant Owl,True,False,False,0,9,,attack-roll | damage | damage:slashing | limited-use | spellcasting,attack-roll+damage+damage:slashing+limited-use+spellcasting
,Tough Boss,True,False,False,0,10,,advantage | attack-roll | aura | condition:incapacitated | damage | damage:bludgeoning | damage:piercing | multiattack,advantage+attack-roll+aura+condition:incapacitated+damage+damage:bludgeoning+damage:piercing+multiattack
,Hobgoblin Warrior,True,False,False,0,10,,advantage | attack-roll | aura | condition:incapacitated | damage | damage:piercing | damage:poison | damage:slashing,advantage+attack-roll+aura+condition:incapacitated+damage+damage:piercing+damage:poison+damage:slashing
,Satyr,True,False,False,0,10,,advantage | attack-roll | aura | damage | damage:bludgeoning | damage:psychic | saving-throw,advantage+attack-roll+aura+damage+damage:bludgeoning+damage:psychic+saving-throw
37,Ankheg,False,False,False,2,10,limited-use | save-or-complex-action,advantage | attack-roll | condition:grappled | damage | damage:acid | damage:slashing | recharge | saving-throw,advantage+attack-roll+condition:grappled+damage+damage:acid+damage:slashing+recharge+saving-throw
,Bone Devil,True,False,False,0,10,,advantage | attack-roll | condition:poisoned | damage | damage:piercing | damage:poison | damage:slashing | healing | multiattack,advantage+attack-roll+condition:poisoned+damage+damage:piercing+damage:poison+damage:slashing+healing+multiattack
38,Pirate,False,False,False,2,10,condition-or-control | save-or-complex-action,attack-roll | aura | condition:charmed | damage | damage:piercing | multiattack | saving-throw,attack-roll+aura+condition:charmed+damage+damage:piercing+multiattack+saving-throw
,Constrictor Snake,True,False,False,0,10,,attack-roll | aura | condition:grappled | damage | damage:bludgeoning | damage:piercing | saving-throw,attack-roll+aura+condition:grappled+damage+damage:bludgeoning+damage:piercing+saving-throw
118,Gelatinous Cube,False,False,False,4,10,condition-or-control | save-or-complex-action | spellcasting | trait,attack-roll | aura | condition:restrained | damage | damage:acid | disadvantage | saving-throw,attack-roll+aura+condition:restrained+damage+damage:acid+disadvantage+saving-throw
39,Treant,False,False,False,2,10,limited-use | trait,attack-roll | aura | damage | damage:bludgeoning | damage:piercing | limited-use | multiattack,attack-roll+aura+damage+damage:bludgeoning+damage:piercing+limited-use+multiattack
40,Young Copper Dragon,False,False,False,2,10,limited-use | save-or-complex-action,attack-roll | bonus-action | damage | damage:acid | damage:slashing | multiattack | recharge | saving-throw,attack-roll+bonus-action+damage+damage:acid+damage:slashing+multiattack+recharge+saving-throw
41,Ghast,False,False,False,2,10,condition-or-control | save-or-complex-action,attack-roll | condition:paralyzed | condition:poisoned | damage | damage:necrotic | damage:piercing | damage:slashing | immunity | saving-throw,attack-roll+condition:paralyzed+condition:poisoned+damage+damage:necrotic+damage:piercing+damage:slashing+immunity+saving-throw
42,Vampire Familiar,False,False,False,2,10,condition-or-control | defense-clause,attack-roll | condition:paralyzed | condition:poisoned | damage | damage:necrotic | damage:piercing | multiattack | zero-hp-effect,attack-roll+condition:paralyzed+condition:poisoned+damage+damage:necrotic+damage:piercing+multiattack+zero-hp-effect
16,Phase Spider,False,False,False,1,10,condition-or-control,attack-roll | condition:paralyzed | condition:poisoned | damage | damage:piercing | damage:poison | multiattack | zero-hp-effect,attack-roll+condition:paralyzed+condition:poisoned+damage+damage:piercing+damage:poison+multiattack+zero-hp-effect
43,Cockatrice,False,False,False,2,10,condition-or-control | save-or-complex-action,attack-roll | condition:petrified | condition:restrained | damage | damage:piercing | repeat-save | saving-throw,attack-roll+condition:petrified+condition:restrained+damage+damage:piercing+repeat-save+saving-throw
44,Centaur Trooper,False,False,False,2,10,bonus-action | limited-use,attack-roll | condition:prone | damage | damage:bludgeoning | damage:piercing | multiattack | recharge | saving-throw,attack-roll+condition:prone+damage+damage:bludgeoning+damage:piercing+multiattack+recharge+saving-throw
83,Bronze Dragon Wyrmling,False,False,False,3,10,condition-or-control | limited-use | save-or-complex-action,attack-roll | condition:prone | damage | damage:lightning | damage:slashing | multiattack | recharge | saving-throw,attack-roll+condition:prone+damage+damage:lightning+damage:slashing+multiattack+recharge+saving-throw
84,Young Bronze Dragon,False,False,False,3,10,condition-or-control | limited-use | save-or-complex-action,attack-roll | condition:prone | damage | damage:lightning | damage:slashing | multiattack | recharge | saving-throw,attack-roll+condition:prone+damage+damage:lightning+damage:slashing+multiattack+recharge+saving-throw
85,Priest Acolyte,False,False,False,3,10,bonus-action | limited-use | spellcasting,attack-roll | damage | damage:bludgeoning | damage:radiant | limited-use | spellcasting,attack-roll+damage+damage:bludgeoning+damage:radiant+limited-use+spellcasting
119,Mage,False,False,False,4,10,bonus-action | limited-use | reaction | spellcasting,attack-roll | damage | damage:force | limited-use | multiattack | spellcasting,attack-roll+damage+damage:force+limited-use+multiattack+spellcasting
86,Cultist Fanatic,False,False,False,3,10,bonus-action | limited-use | spellcasting,attack-roll | damage | damage:necrotic | damage:slashing | limited-use | spellcasting,attack-roll+damage+damage:necrotic+damage:slashing+limited-use+spellcasting
87,Pirate Captain,False,False,False,3,11,bonus-action | reaction | unsupported-action-rider,advantage | attack-roll | aura | condition:charmed | damage | damage:piercing | multiattack | saving-throw,advantage+attack-roll+aura+condition:charmed+damage+damage:piercing+multiattack+saving-throw
,Bugbear Stalker,True,False,False,0,11,,advantage | attack-roll | aura | condition:grappled | damage | damage:piercing | multiattack | saving-throw,advantage+attack-roll+aura+condition:grappled+damage+damage:piercing+multiattack+saving-throw
,Hobgoblin Captain,True,False,False,0,11,,advantage | attack-roll | aura | condition:incapacitated | damage | damage:piercing | damage:poison | damage:slashing | multiattack,advantage+attack-roll+aura+condition:incapacitated+damage+damage:piercing+damage:poison+damage:slashing+multiattack
17,Flesh Golem,False,False,False,1,11,trait,advantage | attack-roll | aura | damage | damage:bludgeoning | damage:fire | damage:lightning | disadvantage | multiattack,advantage+attack-roll+aura+damage+damage:bludgeoning+damage:fire+damage:lightning+disadvantage+multiattack
45,Clay Golem,False,False,False,2,11,trait | unsupported-action-rider,advantage | attack-roll | damage | damage:acid | damage:bludgeoning | max-hp-change | multiattack | recharge,advantage+attack-roll+damage+damage:acid+damage:bludgeoning+max-hp-change+multiattack+recharge
46,Frost Giant,False,False,False,2,11,bonus-action | limited-use,advantage | attack-roll | damage | damage:cold | damage:piercing | damage:slashing | multiattack | recharge | temporary-hp,advantage+attack-roll+damage+damage:cold+damage:piercing+damage:slashing+multiattack+recharge+temporary-hp
88,Iron Golem,False,False,False,3,11,limited-use | save-or-complex-action | trait,advantage | attack-roll | damage | damage:fire | damage:poison | damage:slashing | multiattack | recharge | saving-throw,advantage+attack-roll+damage+damage:fire+damage:poison+damage:slashing+multiattack+recharge+saving-throw
135,Archmage,False,False,False,5,11,bonus-action | defense-clause | limited-use | reaction | spellcasting,advantage | attack-roll | damage | damage:force | limited-use | multiattack | spellcasting,advantage+attack-roll+damage+damage:force+limited-use+multiattack+spellcasting
,Giant Constrictor Snake,True,False,False,0,11,,attack-roll | aura | condition:grappled | damage | damage:bludgeoning | damage:piercing | multiattack | saving-throw,attack-roll+aura+condition:grappled+damage+damage:bludgeoning+damage:piercing+multiattack+saving-throw
47,Bulette,False,False,False,2,11,condition-or-control | save-or-complex-action,attack-roll | aura | condition:prone | damage | damage:bludgeoning | damage:piercing | multiattack | saving-throw,attack-roll+aura+condition:prone+damage+damage:bludgeoning+damage:piercing+multiattack+saving-throw
48,Elephant,False,False,False,2,11,bonus-action | condition-or-control,attack-roll | aura | condition:prone | damage | damage:bludgeoning | damage:piercing | multiattack | saving-throw,attack-roll+aura+condition:prone+damage+damage:bludgeoning+damage:piercing+multiattack+saving-throw
49,Gladiator,False,False,False,2,11,condition-or-control | save-or-complex-action,attack-roll | aura | condition:prone | damage | damage:bludgeoning | damage:piercing | multiattack | saving-throw,attack-roll+aura+condition:prone+damage+damage:bludgeoning+damage:piercing+multiattack+saving-throw
50,Mammoth,False,False,False,2,11,bonus-action | condition-or-control,attack-roll | aura | condition:prone | damage | damage:bludgeoning | damage:piercing | multiattack | saving-throw,attack-roll+aura+condition:prone+damage+damage:bludgeoning+damage:piercing+multiattack+saving-throw
89,Rust Monster,False,False,False,3,11,reaction | save-or-complex-action | spellcasting,attack-roll | aura | damage | damage:piercing | flat-modifier | multiattack | saving-throw,attack-roll+aura+damage+damage:piercing+flat-modifier+multiattack+saving-throw
90,Dragon Turtle,False,False,False,3,11,condition-or-control | limited-use | save-or-complex-action,attack-roll | condition:prone | damage | damage:bludgeoning | damage:fire | damage:piercing | multiattack | recharge | saving-throw,attack-roll+condition:prone+damage+damage:bludgeoning+damage:fire+damage:piercing+multiattack+recharge+saving-throw
51,Wereboar,False,False,False,2,11,condition-or-control | save-or-complex-action,attack-roll | condition:prone | damage | damage:piercing | immunity | multiattack | saving-throw | zero-hp-effect,attack-roll+condition:prone+damage+damage:piercing+immunity+multiattack+saving-throw+zero-hp-effect
91,Priest,False,False,False,3,11,bonus-action | limited-use | spellcasting,attack-roll | damage | damage:bludgeoning | damage:radiant | limited-use | multiattack | spellcasting,attack-roll+damage+damage:bludgeoning+damage:radiant+limited-use+multiattack+spellcasting
52,Magma Mephit,False,False,False,2,11,limited-use | save-or-complex-action,attack-roll | damage | damage:fire | damage:slashing | death-trigger | recharge | saving-throw,attack-roll+damage+damage:fire+damage:slashing+death-trigger+recharge+saving-throw
18,Werebear,False,False,False,1,11,save-or-complex-action,attack-roll | damage | damage:piercing | damage:slashing | immunity | multiattack | saving-throw | zero-hp-effect,attack-roll+damage+damage:piercing+damage:slashing+immunity+multiattack+saving-throw+zero-hp-effect
19,Wererat,False,False,False,1,11,save-or-complex-action,attack-roll | damage | damage:piercing | damage:slashing | immunity | multiattack | saving-throw | zero-hp-effect,attack-roll+damage+damage:piercing+damage:slashing+immunity+multiattack+saving-throw+zero-hp-effect
53,Weretiger,False,False,False,2,11,bonus-action | save-or-complex-action,attack-roll | damage | damage:piercing | damage:slashing | immunity | multiattack | saving-throw | zero-hp-effect,attack-roll+damage+damage:piercing+damage:slashing+immunity+multiattack+saving-throw+zero-hp-effect
54,Lion,False,False,False,2,12,condition-or-control | save-or-complex-action,advantage | attack-roll | aura | condition:frightened | condition:incapacitated | damage | damage:slashing | multiattack | saving-throw,advantage+attack-roll+aura+condition:frightened+condition:incapacitated+damage+damage:slashing+multiattack+saving-throw
20,Horned Devil,False,False,False,1,12,save-or-complex-action,advantage | attack-roll | aura | damage | damage:fire | damage:necrotic | damage:piercing | multiattack | saving-throw,advantage+attack-roll+aura+damage+damage:fire+damage:necrotic+damage:piercing+multiattack+saving-throw
55,Sphinx of Wonder,False,False,False,2,12,limited-use | reaction,advantage | attack-roll | aura | damage | damage:radiant | damage:slashing | limited-use | saving-throw,advantage+attack-roll+aura+damage+damage:radiant+damage:slashing+limited-use+saving-throw
92,Stone Golem,False,False,False,3,12,bonus-action | limited-use | spellcasting,advantage | attack-roll | damage | damage:bludgeoning | damage:force | multiattack | recharge | spellcasting,advantage+attack-roll+damage+damage:bludgeoning+damage:force+multiattack+recharge+spellcasting
56,Efreeti,False,False,False,2,12,spellcasting | trait,advantage | attack-roll | damage | damage:fire | damage:slashing | limited-use | multiattack | spellcasting,advantage+attack-roll+damage+damage:fire+damage:slashing+limited-use+multiattack+spellcasting
93,Giant Ape,False,False,False,3,12,condition-or-control | limited-use | save-or-complex-action,attack-roll | aura | condition:prone | damage | damage:bludgeoning | multiattack | recharge | saving-throw,attack-roll+aura+condition:prone+damage+damage:bludgeoning+multiattack+recharge+saving-throw
94,Cloud Giant,False,False,False,3,12,bonus-action | condition-or-control | spellcasting,attack-roll | condition:incapacitated | damage | damage:bludgeoning | damage:thunder | limited-use | multiattack | spellcasting,attack-roll+condition:incapacitated+damage+damage:bludgeoning+damage:thunder+limited-use+multiattack+spellcasting
21,Druid,False,False,False,1,12,spellcasting,attack-roll | damage | damage:bludgeoning | damage:poison | damage:radiant | limited-use | multiattack | spellcasting,attack-roll+damage+damage:bludgeoning+damage:poison+damage:radiant+limited-use+multiattack+spellcasting
,Troll Limb,True,False,False,0,12,,attack-roll | damage | damage:fire | damage:slashing | healing | regeneration | zero-hp-effect,attack-roll+damage+damage:fire+damage:slashing+healing+regeneration+zero-hp-effect
57,Spirit Naga,False,False,False,2,12,spellcasting | trait,attack-roll | damage | damage:necrotic | damage:piercing | damage:poison | limited-use | multiattack | spellcasting,attack-roll+damage+damage:necrotic+damage:piercing+damage:poison+limited-use+multiattack+spellcasting
95,Drider,False,False,False,3,12,bonus-action | limited-use | spellcasting,attack-roll | damage | damage:piercing | damage:poison | disadvantage | multiattack | recharge | spellcasting,attack-roll+damage+damage:piercing+damage:poison+disadvantage+multiattack+recharge+spellcasting
58,Pseudodragon,False,False,False,2,13,condition-or-control | save-or-complex-action,advantage | attack-roll | aura | condition:poisoned | condition:unconscious | damage | damage:piercing | damage:poison | multiattack | saving-throw,advantage+attack-roll+aura+condition:poisoned+condition:unconscious+damage+damage:piercing+damage:poison+multiattack+saving-throw
120,Chimera,False,False,False,4,13,condition-or-control | limited-use | save-or-complex-action | unsupported-action-rider,advantage | attack-roll | condition:prone | damage | damage:bludgeoning | damage:fire | damage:piercing | damage:slashing | multiattack | recharge | saving-throw,advantage+attack-roll+condition:prone+damage+damage:bludgeoning+damage:fire+damage:piercing+damage:slashing+multiattack+recharge+saving-throw
22,Stirge,False,False,False,1,13,attachment-state,attachment-state | attack-roll | aura | damage | damage:necrotic | damage:piercing,attachment-state+attack-roll+aura+damage+damage:necrotic+damage:piercing
96,Shambling Mound,False,False,False,3,13,condition-or-control | save-or-complex-action | trait,attack-roll | aura | condition:blinded | condition:grappled | condition:restrained | damage | damage:bludgeoning | damage:lightning | multiattack | saving-throw,attack-roll+aura+condition:blinded+condition:grappled+condition:restrained+damage+damage:bludgeoning+damage:lightning+multiattack+saving-throw
97,Sprite,False,False,False,3,13,condition-or-control | save-or-complex-action | spellcasting,attack-roll | aura | condition:charmed | damage | damage:piercing | saving-throw | spellcasting,attack-roll+aura+condition:charmed+damage+damage:piercing+saving-throw+spellcasting
59,Salamander,False,False,False,2,13,condition-or-control | save-or-complex-action,attack-roll | aura | condition:grappled | condition:restrained | damage | damage:bludgeoning | damage:fire | damage:piercing | multiattack | saving-throw,attack-roll+aura+condition:grappled+condition:restrained+damage+damage:bludgeoning+damage:fire+damage:piercing+multiattack+saving-throw
60,Green Hag,False,False,False,2,13,spellcasting | trait,attack-roll | aura | condition:invisible | damage | damage:poison | damage:slashing | multiattack | spellcasting,attack-roll+aura+condition:invisible+damage+damage:poison+damage:slashing+multiattack+spellcasting
61,Swarm of Ravens,False,False,False,2,13,limited-use | save-or-complex-action,attack-roll | condition:deafened | damage | damage:piercing | disadvantage | healing | recharge | saving-throw | temporary-hp,attack-roll+condition:deafened+damage+damage:piercing+disadvantage+healing+recharge+saving-throw+temporary-hp
98,Otyugh,False,False,False,3,13,condition-or-control | save-or-complex-action | unsupported-action-rider,attack-roll | condition:grappled | condition:poisoned | condition:stunned | damage | damage:bludgeoning | damage:piercing | max-hp-change | multiattack | saving-throw,attack-roll+condition:grappled+condition:poisoned+condition:stunned+damage+damage:bludgeoning+damage:piercing+max-hp-change+multiattack+saving-throw
99,Steam Mephit,False,False,False,3,13,limited-use | save-or-complex-action | trait,attack-roll | condition:incapacitated | damage | damage:fire | damage:slashing | death-trigger | disadvantage | recharge | saving-throw,attack-roll+condition:incapacitated+damage+damage:fire+damage:slashing+death-trigger+disadvantage+recharge+saving-throw
62,Basilisk,False,False,False,2,13,bonus-action | limited-use,attack-roll | condition:petrified | condition:restrained | damage | damage:piercing | damage:poison | recharge | repeat-save | saving-throw,attack-roll+condition:petrified+condition:restrained+damage+damage:piercing+damage:poison+recharge+repeat-save+saving-throw
100,Death Dog,False,False,False,3,13,condition-or-control | save-or-complex-action | unsupported-action-rider,attack-roll | condition:poisoned | damage | damage:piercing | max-hp-change | multiattack | repeat-save | saving-throw,attack-roll+condition:poisoned+damage+damage:piercing+max-hp-change+multiattack+repeat-save+saving-throw
63,Gold Dragon Wyrmling,False,False,False,2,13,limited-use | save-or-complex-action,attack-roll | damage | damage:fire | damage:slashing | disadvantage | multiattack | recharge | repeat-save | saving-throw,attack-roll+damage+damage:fire+damage:slashing+disadvantage+multiattack+recharge+repeat-save+saving-throw
64,Young Gold Dragon,False,False,False,2,13,limited-use | save-or-complex-action,attack-roll | damage | damage:fire | damage:slashing | disadvantage | multiattack | recharge | repeat-save | saving-throw,attack-roll+damage+damage:fire+damage:slashing+disadvantage+multiattack+recharge+repeat-save+saving-throw
,Winter Wolf,True,False,False,0,14,,advantage | attack-roll | aura | condition:incapacitated | condition:prone | damage | damage:cold | damage:piercing | recharge | saving-throw,advantage+attack-roll+aura+condition:incapacitated+condition:prone+damage+damage:cold+damage:piercing+recharge+saving-throw
,Hell Hound,True,False,False,0,14,,advantage | attack-roll | aura | condition:incapacitated | damage | damage:fire | damage:piercing | multiattack | recharge | saving-throw,advantage+attack-roll+aura+condition:incapacitated+damage+damage:fire+damage:piercing+multiattack+recharge+saving-throw
65,Bearded Devil,False,False,False,2,14,condition-or-control | save-or-complex-action,advantage | attack-roll | aura | condition:poisoned | damage | damage:piercing | damage:slashing | healing | multiattack | saving-throw,advantage+attack-roll+aura+condition:poisoned+damage+damage:piercing+damage:slashing+healing+multiattack+saving-throw
101,Remorhaz,False,False,False,3,14,bonus-action | condition-or-control | trait,attack-roll | aura | condition:blinded | condition:grappled | condition:prone | condition:restrained | damage | damage:acid | damage:fire | damage:piercing | saving-throw,attack-roll+aura+condition:blinded+condition:grappled+condition:prone+condition:restrained+damage+damage:acid+damage:fire+damage:piercing+saving-throw
102,Giant Spider,False,False,False,3,14,condition-or-control | limited-use | save-or-complex-action,attack-roll | aura | condition:restrained | damage | damage:fire | damage:piercing | damage:poison | damage:psychic | recharge | saving-throw,attack-roll+aura+condition:restrained+damage+damage:fire+damage:piercing+damage:poison+damage:psychic+recharge+saving-throw
103,Silver Dragon Wyrmling,False,False,False,3,14,condition-or-control | limited-use | save-or-complex-action,attack-roll | condition:incapacitated | condition:paralyzed | damage | damage:cold | damage:piercing | multiattack | recharge | repeat-save | saving-throw,attack-roll+condition:incapacitated+condition:paralyzed+damage+damage:cold+damage:piercing+multiattack+recharge+repeat-save+saving-throw
104,Young Silver Dragon,False,False,False,3,14,condition-or-control | limited-use | save-or-complex-action,attack-roll | condition:incapacitated | condition:paralyzed | damage | damage:cold | damage:slashing | multiattack | recharge | repeat-save | saving-throw,attack-roll+condition:incapacitated+condition:paralyzed+damage+damage:cold+damage:slashing+multiattack+recharge+repeat-save+saving-throw
23,Dryad,False,False,False,1,15,spellcasting,advantage | attack-roll | aura | damage | damage:piercing | damage:slashing | limited-use | multiattack | spellcasting,advantage+attack-roll+aura+damage+damage:piercing+damage:slashing+limited-use+multiattack+spellcasting
66,Glabrezu,False,False,False,2,15,save-or-complex-action | spellcasting,advantage | attack-roll | condition:grappled | damage | damage:bludgeoning | damage:slashing | limited-use | multiattack | saving-throw | spellcasting,advantage+attack-roll+condition:grappled+damage+damage:bludgeoning+damage:slashing+limited-use+multiattack+saving-throw+spellcasting
67,Purple Worm,False,False,False,2,15,bonus-action | condition-or-control,attack-roll | aura | condition:blinded | condition:grappled | condition:prone | condition:restrained | damage | damage:acid | damage:piercing | damage:poison | multiattack | saving-throw,attack-roll+aura+condition:blinded+condition:grappled+condition:prone+condition:restrained+damage+damage:acid+damage:piercing+damage:poison+multiattack+saving-throw
68,Chuul,False,False,False,2,15,condition-or-control | save-or-complex-action,attack-roll | aura | condition:grappled | condition:paralyzed | condition:poisoned | damage | damage:bludgeoning | multiattack | repeat-save | saving-throw,attack-roll+aura+condition:grappled+condition:paralyzed+condition:poisoned+damage+damage:bludgeoning+multiattack+repeat-save+saving-throw
121,Water Elemental,False,False,False,4,15,condition-or-control | limited-use | save-or-complex-action | trait,attack-roll | aura | condition:grappled | condition:prone | condition:restrained | damage | damage:bludgeoning | damage:cold | multiattack | recharge | saving-throw,attack-roll+aura+condition:grappled+condition:prone+condition:restrained+damage+damage:bludgeoning+damage:cold+multiattack+recharge+saving-throw
69,Wight,False,False,False,2,15,save-or-complex-action | unsupported-action-rider,attack-roll | aura | damage | damage:necrotic | damage:piercing | damage:slashing | disadvantage | max-hp-change | multiattack | saving-throw,attack-roll+aura+damage+damage:necrotic+damage:piercing+damage:slashing+disadvantage+max-hp-change+multiattack+saving-throw
70,Medusa,False,False,False,2,15,bonus-action | limited-use,attack-roll | condition:petrified | condition:restrained | damage | damage:piercing | damage:poison | damage:slashing | multiattack | recharge | repeat-save | saving-throw,attack-roll+condition:petrified+condition:restrained+damage+damage:piercing+damage:poison+damage:slashing+multiattack+recharge+repeat-save+saving-throw
71,Troll,False,False,False,2,15,limited-use | trait,attack-roll | damage | damage:fire | damage:slashing | healing | limited-use | multiattack | regeneration | zero-hp-effect,attack-roll+damage+damage:fire+damage:slashing+healing+limited-use+multiattack+regeneration+zero-hp-effect
72,Nalfeshnee,False,False,False,2,16,bonus-action | limited-use,advantage | attack-roll | aura | condition:frightened | damage | damage:force | damage:psychic | damage:slashing | immunity | multiattack | recharge | saving-throw,advantage+attack-roll+aura+condition:frightened+damage+damage:force+damage:psychic+damage:slashing+immunity+multiattack+recharge+saving-throw
24,Werewolf,False,False,False,1,16,save-or-complex-action,advantage | attack-roll | aura | condition:incapacitated | damage | damage:piercing | damage:slashing | immunity | multiattack | saving-throw | zero-hp-effect,advantage+attack-roll+aura+condition:incapacitated+damage+damage:piercing+damage:slashing+immunity+multiattack+saving-throw+zero-hp-effect
73,Ice Devil,False,False,False,2,16,limited-use | spellcasting,advantage | attack-roll | bonus-action | damage | damage:bludgeoning | damage:cold | damage:piercing | multiattack | reaction | recharge | spellcasting,advantage+attack-roll+bonus-action+damage+damage:bludgeoning+damage:cold+damage:piercing+multiattack+reaction+recharge+spellcasting
105,Brass Dragon Wyrmling,False,False,False,3,16,condition-or-control | limited-use | save-or-complex-action,attack-roll | aura | condition:incapacitated | condition:unconscious | damage | damage:fire | damage:slashing | recharge | repeat-save | saving-throw,attack-roll+aura+condition:incapacitated+condition:unconscious+damage+damage:fire+damage:slashing+recharge+repeat-save+saving-throw
106,Chain Devil,False,False,False,3,17,condition-or-control | reaction | save-or-complex-action,advantage | attack-roll | aura | condition:frightened | condition:grappled | condition:restrained | damage | damage:fire | damage:slashing | end-turn | immunity | multiattack | saving-throw,advantage+attack-roll+aura+condition:frightened+condition:grappled+condition:restrained+damage+damage:fire+damage:slashing+end-turn+immunity+multiattack+saving-throw
136,Planetar,False,False,False,5,17,bonus-action | limited-use | save-or-complex-action | spellcasting | trait,advantage | attack-roll | aura | damage | damage:radiant | damage:slashing | limited-use | multiattack | saving-throw | spellcasting,advantage+attack-roll+aura+damage+damage:radiant+damage:slashing+limited-use+multiattack+saving-throw+spellcasting
122,Doppelganger,False,False,False,4,17,condition-or-control | limited-use | save-or-complex-action | spellcasting,advantage | attack-roll | condition:frightened | damage | damage:bludgeoning | multiattack | recharge | repeat-save | saving-throw | spellcasting,advantage+attack-roll+condition:frightened+damage+damage:bludgeoning+multiattack+recharge+repeat-save+saving-throw+spellcasting
74,Harpy,False,False,False,2,17,condition-or-control | save-or-complex-action,attack-roll | aura | concentration | condition:charmed | condition:incapacitated | damage | damage:slashing | immunity | repeat-save | saving-throw,attack-roll+aura+concentration+condition:charmed+condition:incapacitated+damage+damage:slashing+immunity+repeat-save+saving-throw
123,Guardian Naga,False,False,False,4,17,condition-or-control | save-or-complex-action | spellcasting | trait,attack-roll | aura | condition:blinded | damage | damage:piercing | damage:poison | limited-use | multiattack | saving-throw | spellcasting,attack-roll+aura+condition:blinded+damage+damage:piercing+damage:poison+limited-use+multiattack+saving-throw+spellcasting
124,Succubus,False,False,False,4,17,condition-or-control | save-or-complex-action | spellcasting | unsupported-action-rider,attack-roll | aura | condition:charmed | damage | damage:psychic | max-hp-change | multiattack | saving-throw | spellcasting,attack-roll+aura+condition:charmed+damage+damage:psychic+max-hp-change+multiattack+saving-throw+spellcasting
107,Young Brass Dragon,False,False,False,3,17,condition-or-control | limited-use | save-or-complex-action,attack-roll | aura | condition:incapacitated | condition:unconscious | damage | damage:fire | damage:slashing | multiattack | recharge | repeat-save | saving-throw,attack-roll+aura+condition:incapacitated+condition:unconscious+damage+damage:fire+damage:slashing+multiattack+recharge+repeat-save+saving-throw
125,Gorgon,False,False,False,4,17,bonus-action | condition-or-control | limited-use | save-or-complex-action,attack-roll | aura | condition:petrified | condition:prone | condition:restrained | damage | damage:bludgeoning | damage:piercing | recharge | repeat-save | saving-throw,attack-roll+aura+condition:petrified+condition:prone+condition:restrained+damage+damage:bludgeoning+damage:piercing+recharge+repeat-save+saving-throw
126,Ettercap,False,False,False,4,17,bonus-action | condition-or-control | limited-use | save-or-complex-action,attack-roll | aura | condition:poisoned | condition:restrained | damage | damage:fire | damage:piercing | damage:poison | damage:psychic | damage:slashing | multiattack | recharge | saving-throw,attack-roll+aura+condition:poisoned+condition:restrained+damage+damage:fire+damage:piercing+damage:poison+damage:psychic+damage:slashing+multiattack+recharge+saving-throw
108,Stone Giant,False,False,False,3,17,condition-or-control | limited-use | reaction,attack-roll | aura | condition:prone | damage | damage:bludgeoning | damage:force | damage:slashing | multiattack | recharge | saving-throw | zero-hp-effect,attack-roll+aura+condition:prone+damage+damage:bludgeoning+damage:force+damage:slashing+multiattack+recharge+saving-throw+zero-hp-effect
109,Ice Mephit,False,False,False,3,17,limited-use | save-or-complex-action | spellcasting,attack-roll | damage | damage:cold | damage:slashing | death-trigger | limited-use | recharge | saving-throw | spellcasting,attack-roll+damage+damage:cold+damage:slashing+death-trigger+limited-use+recharge+saving-throw+spellcasting
110,Erinyes,False,False,False,3,18,condition-or-control | save-or-complex-action | trait,advantage | attack-roll | aura | bonus-action | condition:restrained | damage | damage:force | damage:necrotic | damage:psychic | damage:slashing | multiattack | saving-throw | zero-hp-effect,advantage+attack-roll+aura+bonus-action+condition:restrained+damage+damage:force+damage:necrotic+damage:psychic+damage:slashing+multiattack+saving-throw+zero-hp-effect
75,Marilith,False,False,False,2,18,condition-or-control | save-or-complex-action,advantage | attack-roll | aura | condition:grappled | condition:restrained | damage | damage:bludgeoning | damage:necrotic | damage:slashing | multiattack | reaction | recharge | saving-throw,advantage+attack-roll+aura+condition:grappled+condition:restrained+damage+damage:bludgeoning+damage:necrotic+damage:slashing+multiattack+reaction+recharge+saving-throw
111,Vrock,False,False,False,3,18,condition-or-control | limited-use | save-or-complex-action,advantage | attack-roll | condition:poisoned | condition:stunned | damage | damage:piercing | damage:poison | damage:thunder | limited-use | multiattack | recharge | repeat-save | saving-throw,advantage+attack-roll+condition:poisoned+condition:stunned+damage+damage:piercing+damage:poison+damage:thunder+limited-use+multiattack+recharge+repeat-save+saving-throw
127,Gibbering Mouther,False,False,False,4,18,condition-or-control | limited-use | save-or-complex-action | trait,attack-roll | aura | bonus-action | condition:blinded | condition:incapacitated | condition:prone | damage | damage:piercing | damage:radiant | recharge | saving-throw | zero-hp-effect,attack-roll+aura+bonus-action+condition:blinded+condition:incapacitated+condition:prone+damage+damage:piercing+damage:radiant+recharge+saving-throw+zero-hp-effect
76,Will-o’-Wisp,False,False,False,2,18,bonus-action | trait,attack-roll | aura | concentration | condition:invisible | damage | damage:force | damage:lightning | healing | saving-throw | zero-hp-effect,attack-roll+aura+concentration+condition:invisible+damage+damage:force+damage:lightning+healing+saving-throw+zero-hp-effect
128,Behir,False,False,False,4,18,bonus-action | condition-or-control | limited-use | save-or-complex-action,attack-roll | aura | condition:blinded | condition:grappled | condition:prone | condition:restrained | damage | damage:acid | damage:bludgeoning | damage:lightning | damage:piercing | multiattack | recharge | saving-throw,attack-roll+aura+condition:blinded+condition:grappled+condition:prone+condition:restrained+damage+damage:acid+damage:bludgeoning+damage:lightning+damage:piercing+multiattack+recharge+saving-throw
112,Lamia,False,False,False,3,18,condition-or-control | save-or-complex-action | spellcasting,attack-roll | aura | condition:charmed | condition:poisoned | damage | damage:psychic | damage:slashing | limited-use | multiattack | saving-throw | spellcasting,attack-roll+aura+condition:charmed+condition:poisoned+damage+damage:psychic+damage:slashing+limited-use+multiattack+saving-throw+spellcasting
113,Incubus,False,False,False,3,18,bonus-action | limited-use | spellcasting,attack-roll | aura | condition:unconscious | damage | damage:psychic | limited-use | multiattack | recharge | saving-throw | spellcasting,attack-roll+aura+condition:unconscious+damage+damage:psychic+limited-use+multiattack+recharge+saving-throw+spellcasting
129,Dust Mephit,False,False,False,4,18,condition-or-control | limited-use | save-or-complex-action | spellcasting,attack-roll | condition:blinded | damage | damage:bludgeoning | damage:slashing | death-trigger | limited-use | recharge | saving-throw | spellcasting,attack-roll+condition:blinded+damage+damage:bludgeoning+damage:slashing+death-trigger+limited-use+recharge+saving-throw+spellcasting
141,Rakshasa,False,False,False,6,18,condition-or-control | defense-clause | limited-use | save-or-complex-action | spellcasting | trait,attack-roll | condition:frightened | condition:incapacitated | damage | damage:necrotic | damage:psychic | damage:slashing | limited-use | multiattack | recharge | saving-throw | spellcasting,attack-roll+condition:frightened+condition:incapacitated+damage+damage:necrotic+damage:psychic+damage:slashing+limited-use+multiattack+recharge+saving-throw+spellcasting
114,Oni,False,False,False,3,18,bonus-action | condition-or-control | spellcasting,attack-roll | condition:frightened | damage | damage:necrotic | damage:psychic | damage:slashing | healing | limited-use | multiattack | regeneration | spellcasting,attack-roll+condition:frightened+damage+damage:necrotic+damage:psychic+damage:slashing+healing+limited-use+multiattack+regeneration+spellcasting
115,Shield Guardian,False,False,False,3,19,reaction | spellcasting | trait,attack-roll | aura | damage | damage:bludgeoning | damage:force | flat-modifier | healing | multiattack | regeneration | spellcasting,attack-roll+aura+damage+damage:bludgeoning+damage:force+flat-modifier+healing+multiattack+regeneration+spellcasting
130,Quasit,False,False,False,4,20,condition-or-control | limited-use | save-or-complex-action | spellcasting,advantage | attack-roll | aura | condition:frightened | condition:poisoned | damage | damage:slashing | limited-use | repeat-save | saving-throw | spellcasting,advantage+attack-roll+aura+condition:frightened+condition:poisoned+damage+damage:slashing+limited-use+repeat-save+saving-throw+spellcasting
131,Night Hag,False,False,False,4,20,limited-use | spellcasting | trait | unsupported-action-rider,advantage | attack-roll | aura | damage | damage:slashing | limited-use | max-hp-change | multiattack | spellcasting | zero-hp-effect,advantage+attack-roll+aura+damage+damage:slashing+limited-use+max-hp-change+multiattack+spellcasting+zero-hp-effect
132,Storm Giant,False,False,False,4,20,condition-or-control | limited-use | save-or-complex-action | spellcasting,attack-roll | aura | condition:blinded | condition:deafened | damage | damage:lightning | damage:slashing | limited-use | multiattack | recharge | saving-throw | spellcasting,attack-roll+aura+condition:blinded+condition:deafened+damage+damage:lightning+damage:slashing+limited-use+multiattack+recharge+saving-throw+spellcasting
116,Mummy,False,False,False,3,20,condition-or-control | save-or-complex-action | unsupported-action-rider,attack-roll | aura | condition:frightened | damage | damage:bludgeoning | damage:necrotic | healing | immunity | max-hp-change | multiattack | saving-throw | zero-hp-effect,attack-roll+aura+condition:frightened+damage+damage:bludgeoning+damage:necrotic+healing+immunity+max-hp-change+multiattack+saving-throw+zero-hp-effect
137,Sea Hag,False,False,False,5,20,condition-or-control | limited-use | save-or-complex-action | spellcasting | trait,attack-roll | aura | condition:frightened | damage | damage:psychic | damage:slashing | immunity | recharge | saving-throw | spellcasting | zero-hp-effect,attack-roll+aura+condition:frightened+damage+damage:psychic+damage:slashing+immunity+recharge+saving-throw+spellcasting+zero-hp-effect
133,Darkmantle,False,False,False,4,21,attachment-state | condition-or-control | limited-use | save-or-complex-action,advantage | attachment-state | attack-roll | aura | concentration | condition:blinded | damage | damage:bludgeoning | flat-modifier | limited-use,advantage+attachment-state+attack-roll+aura+concentration+condition:blinded+damage+damage:bludgeoning+flat-modifier+limited-use
134,Vampire Spawn,False,False,False,4,22,condition-or-control | save-or-complex-action | trait | unsupported-action-rider,attack-roll | aura | condition:grappled | condition:incapacitated | condition:restrained | damage | damage:acid | damage:necrotic | damage:piercing | damage:radiant | damage:slashing | disadvantage | healing | max-hp-change | multiattack | saving-throw,attack-roll+aura+condition:grappled+condition:incapacitated+condition:restrained+damage+damage:acid+damage:necrotic+damage:piercing+damage:radiant+damage:slashing+disadvantage+healing+max-hp-change+multiattack+saving-throw
138,Cloaker,False,False,False,5,24,attachment-state | bonus-action | condition-or-control | spellcasting | trait,attachment-state | attack-roll | aura | condition:blinded | condition:frightened | damage | damage:piercing | damage:slashing | disadvantage | immunity | multiattack | saving-throw | spellcasting,attachment-state+attack-roll+aura+condition:blinded+condition:frightened+damage+damage:piercing+damage:slashing+disadvantage+immunity+multiattack+saving-throw+spellcasting
139,Ghost,False,False,False,5,24,condition-or-control | limited-use | save-or-complex-action | spellcasting | trait,attack-roll | aura | bonus-action | condition:frightened | condition:incapacitated | damage | damage:force | damage:necrotic | damage:psychic | immunity | multiattack | recharge | saving-throw | spellcasting | zero-hp-effect,attack-roll+aura+bonus-action+condition:frightened+condition:incapacitated+damage+damage:force+damage:necrotic+damage:psychic+immunity+multiattack+recharge+saving-throw+spellcasting+zero-hp-effect
140,Djinni,False,False,False,5,26,condition-or-control | save-or-complex-action | spellcasting | trait | unsupported-action-rider,advantage | attack-roll | aura | concentration | condition:prone | condition:restrained | damage | damage:lightning | damage:slashing | damage:thunder | limited-use | multiattack | repeat-save | saving-throw | spellcasting,advantage+attack-roll+aura+concentration+condition:prone+condition:restrained+damage+damage:lightning+damage:slashing+damage:thunder+limited-use+multiattack+repeat-save+saving-throw+spellcasting
142,Wraith,False,False,True,2,18,trait | unsupported-action-rider,attack-roll | aura | damage | damage:force | damage:necrotic | disadvantage | max-hp-change | summoning,attack-roll+aura+damage+damage:force+damage:necrotic+disadvantage+max-hp-change+summoning
146,Adult Red Dragon,False,False,True,5,21,legendary | limited-use | save-or-complex-action | spellcasting | trait,attack-roll | damage | damage:fire | damage:slashing | legendary | limited-use | multiattack | recharge | saving-throw | spellcasting,attack-roll+damage+damage:fire+damage:slashing+legendary+limited-use+multiattack+recharge+saving-throw+spellcasting
147,Ancient Red Dragon,False,False,True,5,21,legendary | limited-use | save-or-complex-action | spellcasting | trait,attack-roll | damage | damage:fire | damage:slashing | legendary | limited-use | multiattack | recharge | saving-throw | spellcasting,attack-roll+damage+damage:fire+damage:slashing+legendary+limited-use+multiattack+recharge+saving-throw+spellcasting
148,Adult Blue Dragon,False,False,True,5,21,legendary | limited-use | save-or-complex-action | spellcasting | trait,attack-roll | damage | damage:lightning | damage:slashing | legendary | limited-use | multiattack | recharge | saving-throw | spellcasting,attack-roll+damage+damage:lightning+damage:slashing+legendary+limited-use+multiattack+recharge+saving-throw+spellcasting
149,Ancient Blue Dragon,False,False,True,5,21,legendary | limited-use | save-or-complex-action | spellcasting | trait,attack-roll | damage | damage:lightning | damage:slashing | legendary | limited-use | multiattack | recharge | saving-throw | spellcasting,attack-roll+damage+damage:lightning+damage:slashing+legendary+limited-use+multiattack+recharge+saving-throw+spellcasting
143,Balor,False,False,True,3,24,condition-or-control | limited-use | trait,advantage | attack-roll | aura | condition:prone | damage | damage:fire | damage:force | damage:lightning | death-trigger | legendary | limited-use | multiattack | saving-throw,advantage+attack-roll+aura+condition:prone+damage+damage:fire+damage:force+damage:lightning+death-trigger+legendary+limited-use+multiattack+saving-throw
150,Deva,False,False,True,5,24,bonus-action | limited-use | save-or-complex-action | spellcasting | trait,advantage | attack-roll | concentration | damage | damage:bludgeoning | damage:radiant | limited-use | multiattack | spellcasting | temporary-hp | transformation,advantage+attack-roll+concentration+damage+damage:bludgeoning+damage:radiant+limited-use+multiattack+spellcasting+temporary-hp+transformation
164,Lich,False,False,True,6,24,condition-or-control | legendary | limited-use | reaction | spellcasting | trait,attack-roll | aura | condition:paralyzed | damage | damage:cold | damage:force | damage:necrotic | legendary | limited-use | multiattack | saving-throw | spellcasting,attack-roll+aura+condition:paralyzed+damage+damage:cold+damage:force+damage:necrotic+legendary+limited-use+multiattack+saving-throw+spellcasting
144,Adult White Dragon,False,False,True,4,24,legendary | limited-use | save-or-complex-action | trait,attack-roll | aura | damage | damage:cold | damage:slashing | legendary | limited-use | multiattack | recharge | saving-throw | spellcasting,attack-roll+aura+damage+damage:cold+damage:slashing+legendary+limited-use+multiattack+recharge+saving-throw+spellcasting
145,Ancient White Dragon,False,False,True,4,24,legendary | limited-use | save-or-complex-action | trait,attack-roll | aura | damage | damage:cold | damage:slashing | legendary | limited-use | multiattack | recharge | saving-throw | spellcasting,attack-roll+aura+damage+damage:cold+damage:slashing+legendary+limited-use+multiattack+recharge+saving-throw+spellcasting
165,Solar,False,False,True,6,25,bonus-action | legendary | limited-use | save-or-complex-action | spellcasting | trait,advantage | attack-roll | aura | condition:blinded | damage | damage:piercing | damage:radiant | damage:slashing | legendary | limited-use | multiattack | saving-throw | spellcasting,advantage+attack-roll+aura+condition:blinded+damage+damage:piercing+damage:radiant+damage:slashing+legendary+limited-use+multiattack+saving-throw+spellcasting
151,Kraken,False,False,True,5,25,condition-or-control | legendary | limited-use | save-or-complex-action | trait,attack-roll | aura | condition:blinded | condition:grappled | condition:poisoned | condition:prone | condition:restrained | damage | damage:acid | damage:bludgeoning | damage:lightning | damage:piercing | legendary | limited-use | multiattack | saving-throw,attack-roll+aura+condition:blinded+condition:grappled+condition:poisoned+condition:prone+condition:restrained+damage+damage:acid+damage:bludgeoning+damage:lightning+damage:piercing+legendary+limited-use+multiattack+saving-throw
166,Sphinx of Lore,False,False,True,6,26,condition-or-control | legendary | limited-use | save-or-complex-action | spellcasting | trait,attack-roll | aura | condition:incapacitated | damage | damage:psychic | damage:slashing | disadvantage | legendary | limited-use | multiattack | recharge | saving-throw | spellcasting,attack-roll+aura+condition:incapacitated+damage+damage:psychic+damage:slashing+disadvantage+legendary+limited-use+multiattack+recharge+saving-throw+spellcasting
152,Adult Green Dragon,False,False,True,5,26,legendary | limited-use | save-or-complex-action | spellcasting | trait,attack-roll | aura | damage | damage:poison | damage:slashing | flat-modifier | legendary | limited-use | multiattack | recharge | saving-throw | spellcasting,attack-roll+aura+damage+damage:poison+damage:slashing+flat-modifier+legendary+limited-use+multiattack+recharge+saving-throw+spellcasting
153,Ancient Green Dragon,False,False,True,5,26,legendary | limited-use | save-or-complex-action | spellcasting | trait,attack-roll | aura | damage | damage:poison | damage:slashing | flat-modifier | legendary | limited-use | multiattack | recharge | saving-throw | spellcasting,attack-roll+aura+damage+damage:poison+damage:slashing+flat-modifier+legendary+limited-use+multiattack+recharge+saving-throw+spellcasting
154,Unicorn,False,False,True,5,27,bonus-action | legendary | limited-use | spellcasting | trait,advantage | attack-roll | aura | damage | damage:bludgeoning | damage:radiant | flat-modifier | legendary | limited-use | multiattack | saving-throw | spellcasting | temporary-hp,advantage+attack-roll+aura+damage+damage:bludgeoning+damage:radiant+flat-modifier+legendary+limited-use+multiattack+saving-throw+spellcasting+temporary-hp
155,Adult Black Dragon,False,False,True,5,29,legendary | limited-use | save-or-complex-action | spellcasting | trait,attack-roll | aura | concentration | damage | damage:acid | damage:poison | damage:slashing | disadvantage | legendary | limited-use | multiattack | recharge | saving-throw | spellcasting,attack-roll+aura+concentration+damage+damage:acid+damage:poison+damage:slashing+disadvantage+legendary+limited-use+multiattack+recharge+saving-throw+spellcasting
156,Ancient Black Dragon,False,False,True,5,29,legendary | limited-use | save-or-complex-action | spellcasting | trait,attack-roll | aura | concentration | damage | damage:acid | damage:poison | damage:slashing | disadvantage | legendary | limited-use | multiattack | recharge | saving-throw | spellcasting,attack-roll+aura+concentration+damage+damage:acid+damage:poison+damage:slashing+disadvantage+legendary+limited-use+multiattack+recharge+saving-throw+spellcasting
157,Aboleth,False,False,True,5,29,condition-or-control | legendary | limited-use | save-or-complex-action | trait,attack-roll | aura | condition:charmed | condition:grappled | damage | damage:acid | damage:bludgeoning | damage:psychic | healing | legendary | limited-use | multiattack | repeat-save | saving-throw | zero-hp-effect,attack-roll+aura+condition:charmed+condition:grappled+damage+damage:acid+damage:bludgeoning+damage:psychic+healing+legendary+limited-use+multiattack+repeat-save+saving-throw+zero-hp-effect
167,Sphinx of Valor,False,False,True,6,29,condition-or-control | legendary | limited-use | save-or-complex-action | spellcasting | trait,attack-roll | aura | condition:frightened | condition:paralyzed | condition:prone | damage | damage:slashing | damage:thunder | disadvantage | legendary | limited-use | multiattack | repeat-save | saving-throw | spellcasting,attack-roll+aura+condition:frightened+condition:paralyzed+condition:prone+damage+damage:slashing+damage:thunder+disadvantage+legendary+limited-use+multiattack+repeat-save+saving-throw+spellcasting
158,Couatl,False,False,True,5,30,bonus-action | condition-or-control | limited-use | save-or-complex-action | spellcasting,attack-roll | aura | concentration | condition:grappled | condition:poisoned | condition:restrained | damage | damage:bludgeoning | damage:piercing | limited-use | saving-throw | spellcasting | temporary-hp | transformation,attack-roll+aura+concentration+condition:grappled+condition:poisoned+condition:restrained+damage+damage:bludgeoning+damage:piercing+limited-use+saving-throw+spellcasting+temporary-hp+transformation
168,Tarrasque,False,False,True,6,33,bonus-action | condition-or-control | legendary | limited-use | save-or-complex-action | trait,advantage | attack-roll | aura | concentration | condition:blinded | condition:deafened | condition:frightened | condition:grappled | condition:prone | condition:restrained | damage | damage:acid | damage:bludgeoning | damage:piercing | damage:slashing | damage:thunder | legendary | limited-use | multiattack | recharge | saving-throw,advantage+attack-roll+aura+concentration+condition:blinded+condition:deafened+condition:frightened+condition:grappled+condition:prone+condition:restrained+damage+damage:acid+damage:bludgeoning+damage:piercing+damage:slashing+damage:thunder+legendary+limited-use+multiattack+recharge+saving-throw
175,Mummy Lord,False,False,True,8,34,condition-or-control | legendary | limited-use | reaction | save-or-complex-action | spellcasting | trait | unsupported-action-rider,advantage | attack-roll | aura | condition:blinded | condition:paralyzed | damage | damage:bludgeoning | damage:necrotic | damage:psychic | healing | legendary | limited-use | max-hp-change | multiattack | saving-throw | spellcasting | zero-hp-effect,advantage+attack-roll+aura+condition:blinded+condition:paralyzed+damage+damage:bludgeoning+damage:necrotic+damage:psychic+healing+legendary+limited-use+max-hp-change+multiattack+saving-throw+spellcasting+zero-hp-effect
159,Pit Fiend,False,False,True,5,37,condition-or-control | limited-use | save-or-complex-action | spellcasting | trait,advantage | attack-roll | aura | condition:frightened | condition:incapacitated | condition:poisoned | damage | damage:fire | damage:force | damage:necrotic | damage:piercing | damage:poison | healing | immunity | legendary | limited-use | multiattack | recharge | repeat-save | saving-throw | spellcasting,advantage+attack-roll+aura+condition:frightened+condition:incapacitated+condition:poisoned+damage+damage:fire+damage:force+damage:necrotic+damage:piercing+damage:poison+healing+immunity+legendary+limited-use+multiattack+recharge+repeat-save+saving-throw+spellcasting
160,Adult Copper Dragon,False,False,True,5,38,legendary | limited-use | save-or-complex-action | spellcasting | trait,attack-roll | aura | bonus-action | concentration | damage | damage:acid | damage:psychic | damage:slashing | legendary | limited-use | multiattack | recharge | saving-throw | spellcasting | temporary-hp | transformation,attack-roll+aura+bonus-action+concentration+damage+damage:acid+damage:psychic+damage:slashing+legendary+limited-use+multiattack+recharge+saving-throw+spellcasting+temporary-hp+transformation
161,Ancient Copper Dragon,False,False,True,5,38,legendary | limited-use | save-or-complex-action | spellcasting | trait,attack-roll | aura | bonus-action | concentration | damage | damage:acid | damage:psychic | damage:slashing | legendary | limited-use | multiattack | recharge | saving-throw | spellcasting | temporary-hp | transformation,attack-roll+aura+bonus-action+concentration+damage+damage:acid+damage:psychic+damage:slashing+legendary+limited-use+multiattack+recharge+saving-throw+spellcasting+temporary-hp+transformation
169,Adult Silver Dragon,False,False,True,6,38,condition-or-control | legendary | limited-use | save-or-complex-action | spellcasting | trait,attack-roll | concentration | condition:incapacitated | condition:paralyzed | damage | damage:cold | damage:slashing | legendary | limited-use | multiattack | recharge | repeat-save | saving-throw | spellcasting | temporary-hp | transformation,attack-roll+concentration+condition:incapacitated+condition:paralyzed+damage+damage:cold+damage:slashing+legendary+limited-use+multiattack+recharge+repeat-save+saving-throw+spellcasting+temporary-hp+transformation
170,Ancient Silver Dragon,False,False,True,6,38,condition-or-control | legendary | limited-use | save-or-complex-action | spellcasting | trait,attack-roll | concentration | condition:incapacitated | condition:paralyzed | damage | damage:cold | damage:slashing | legendary | limited-use | multiattack | recharge | repeat-save | saving-throw | spellcasting | temporary-hp | transformation,attack-roll+concentration+condition:incapacitated+condition:paralyzed+damage+damage:cold+damage:slashing+legendary+limited-use+multiattack+recharge+repeat-save+saving-throw+spellcasting+temporary-hp+transformation
171,Adult Bronze Dragon,False,False,True,6,39,condition-or-control | legendary | limited-use | save-or-complex-action | spellcasting | trait,attack-roll | aura | concentration | condition:deafened | condition:prone | damage | damage:lightning | damage:slashing | damage:thunder | legendary | limited-use | multiattack | recharge | saving-throw | spellcasting | temporary-hp | transformation,attack-roll+aura+concentration+condition:deafened+condition:prone+damage+damage:lightning+damage:slashing+damage:thunder+legendary+limited-use+multiattack+recharge+saving-throw+spellcasting+temporary-hp+transformation
172,Ancient Bronze Dragon,False,False,True,6,39,condition-or-control | legendary | limited-use | save-or-complex-action | spellcasting | trait,attack-roll | aura | concentration | condition:deafened | condition:prone | damage | damage:lightning | damage:slashing | damage:thunder | legendary | limited-use | multiattack | recharge | saving-throw | spellcasting | temporary-hp | transformation,attack-roll+aura+concentration+condition:deafened+condition:prone+damage+damage:lightning+damage:slashing+damage:thunder+legendary+limited-use+multiattack+recharge+saving-throw+spellcasting+temporary-hp+transformation
173,Adult Brass Dragon,False,False,True,6,41,condition-or-control | legendary | limited-use | save-or-complex-action | spellcasting | trait,attack-roll | aura | concentration | condition:incapacitated | condition:unconscious | damage | damage:fire | damage:slashing | legendary | limited-use | multiattack | recharge | repeat-save | saving-throw | spellcasting | temporary-hp | transformation,attack-roll+aura+concentration+condition:incapacitated+condition:unconscious+damage+damage:fire+damage:slashing+legendary+limited-use+multiattack+recharge+repeat-save+saving-throw+spellcasting+temporary-hp+transformation
174,Ancient Brass Dragon,False,False,True,6,41,condition-or-control | legendary | limited-use | save-or-complex-action | spellcasting | trait,attack-roll | aura | concentration | condition:incapacitated | condition:unconscious | damage | damage:fire | damage:slashing | legendary | limited-use | multiattack | recharge | repeat-save | saving-throw | spellcasting | temporary-hp | transformation,attack-roll+aura+concentration+condition:incapacitated+condition:unconscious+damage+damage:fire+damage:slashing+legendary+limited-use+multiattack+recharge+repeat-save+saving-throw+spellcasting+temporary-hp+transformation
162,Adult Gold Dragon,False,False,True,5,42,legendary | limited-use | save-or-complex-action | spellcasting | trait,attack-roll | aura | concentration | condition:incapacitated | damage | damage:fire | damage:force | damage:slashing | disadvantage | legendary | limited-use | multiattack | recharge | repeat-save | saving-throw | spellcasting | temporary-hp | transformation,attack-roll+aura+concentration+condition:incapacitated+damage+damage:fire+damage:force+damage:slashing+disadvantage+legendary+limited-use+multiattack+recharge+repeat-save+saving-throw+spellcasting+temporary-hp+transformation
163,Ancient Gold Dragon,False,False,True,5,42,legendary | limited-use | save-or-complex-action | spellcasting | trait,attack-roll | aura | concentration | condition:incapacitated | damage | damage:fire | damage:force | damage:slashing | disadvantage | legendary | limited-use | multiattack | recharge | repeat-save | saving-throw | spellcasting | temporary-hp | transformation,attack-roll+aura+concentration+condition:incapacitated+damage+damage:fire+damage:force+damage:slashing+disadvantage+legendary+limited-use+multiattack+recharge+repeat-save+saving-throw+spellcasting+temporary-hp+transformation
176,Vampire,False,False,True,8,48,bonus-action | condition-or-control | legendary | limited-use | save-or-complex-action | spellcasting | trait | unsupported-action-rider,attack-roll | aura | condition:charmed | condition:grappled | condition:incapacitated | condition:paralyzed | condition:restrained | damage | damage:acid | damage:bludgeoning | damage:necrotic | damage:piercing | damage:radiant | disadvantage | healing | legendary | limited-use | max-hp-change | multiattack | recharge | saving-throw | spellcasting | transformation | zero-hp-effect,attack-roll+aura+condition:charmed+condition:grappled+condition:incapacitated+condition:paralyzed+condition:restrained+damage+damage:acid+damage:bludgeoning+damage:necrotic+damage:piercing+damage:radiant+disadvantage+healing+legendary+limited-use+max-hp-change+multiattack+recharge+saving-throw+spellcasting+transformation+zero-hp-effect
