capability_id,observed_on_raw_ready,parse_error,complexity,source_ability_count,monster_count,ready_monster_count,blocked_monster_count,mechanics,sections,source_names,exact_fingerprints,ready_monsters,blocked_monsters
attack-roll+damage+damage:typed,True,False,3,301,256,146,110,attack-roll | damage | damage:acid | damage:bludgeoning | damage:cold | damage:fire | damage:force | damage:lightning | damage:necrotic | damage:piercing | damage:poison | damage:psychic | damage:radiant | damage:slashing | damage:thunder,action,Abyssal Glaive | Arcane Burst | Beak | Beaks | Bite | Bite (Bear or Hybrid Form Only) | Bite (Rat or Hybrid Form Only) | Bite (Tiger or Hybrid Form Only) | Bite (Wolf or Hybrid Form Only) | Bites | Bladed Arm | Bone Bow | Bone Cudgel | Burn | Burning Hammer | Channel Negative Energy | Charged Tendril | Claw | Club | Cursed Touch | Dagger | Devilish Claw | Eldritch Burst | Fiendish Touch | Fiery Bolt | Fiery Mace | Fist | Flame Spear | Flame Sword | Force Bolt | Foreleg | Frost Axe | Gore (Boar or Hybrid Form Only) | Great Bow | Greataxe | Greatclub | Greatsword | Hail of Bark | Hand Crossbow | Hand Crossbow (Humanoid or Hybrid Form Only) | Handaxe (Humanoid or Hybrid Form Only) | Harpoon | Heated Blade | Heavy Crossbow | Holy Mace | Hooves | Hurl Flame | Javelin | Javelin (Humanoid or Hybrid Form Only) | Light Crossbow | Lightning Blade | Longbow | Longbow (Humanoid or Hybrid Form Only) | Longsword | Mace | Necrotic Bow | Necrotic Ray | Necrotic Sword | Needle Sword | Ocean Spear | Pact Blade | Pike | Pistol | Poison Burst | Poison Ray | Pseudopod | Radiant Flame | Radiant Horn | Radiant Sword | Rake | Ram | Rapier | Rend | Rend (Bear or Hybrid Form Only) | Restless Touch | Ritual Sickle | Rotting Touch | Scimitar | Scratch | Searing Fork | Shock | Shortbow | Shortsword | Shred | Slam | Slash | Snake Hair | Spear | Sting | Stone Club | Storm Blade | Storm Sword | Tail | Tail Spike | Tail Stinger | Talons | Tentacles | Thorn Burst | Thunderous Mace | Thunderous Slam | Touch | Verdant Wisp | Vile Slime | Vine Lash | Vine Staff | Warhammer | Wind Swipe | Withering Sword | Withering Touch,attack-roll+damage+damage:acid | attack-roll+damage+damage:acid+damage:slashing | attack-roll+damage+damage:bludgeoning | attack-roll+damage+damage:bludgeoning+damage:cold | attack-roll+damage+damage:bludgeoning+damage:fire | attack-roll+damage+damage:bludgeoning+damage:force | attack-roll+damage+damage:bludgeoning+damage:lightning | attack-roll+damage+damage:bludgeoning+damage:poison | attack-roll+damage+damage:bludgeoning+damage:psychic | attack-roll+damage+damage:bludgeoning+damage:radiant | attack-roll+damage+damage:bludgeoning+damage:thunder | attack-roll+damage+damage:cold+damage:piercing | attack-roll+damage+damage:cold+damage:slashing | attack-roll+damage+damage:fire | attack-roll+damage+damage:fire+damage:force | attack-roll+damage+damage:fire+damage:piercing | attack-roll+damage+damage:fire+damage:slashing | attack-roll+damage+damage:force | attack-roll+damage+damage:force+damage:lightning | attack-roll+damage+damage:force+damage:slashing | attack-roll+damage+damage:lightning | attack-roll+damage+damage:lightning+damage:piercing | attack-roll+damage+damage:lightning+damage:slashing | attack-roll+damage+damage:necrotic | attack-roll+damage+damage:necrotic+damage:piercing | attack-roll+damage+damage:necrotic+damage:slashing | attack-roll+damage+damage:piercing | attack-roll+damage+damage:piercing+damage:poison | attack-roll+damage+damage:piercing+damage:radiant | attack-roll+damage+damage:poison | attack-roll+damage+damage:poison+damage:slashing | attack-roll+damage+damage:psychic | attack-roll+damage+damage:psychic+damage:slashing | attack-roll+damage+damage:radiant | attack-roll+damage+damage:radiant+damage:slashing | attack-roll+damage+damage:slashing | attack-roll+damage+damage:thunder,Air Elemental | Allosaurus | Animated Armor | Animated Flying Sword | Ape | Archelon | Awakened Shrub | Awakened Tree | Axe Beak | Azer Sentinel | Baboon | Badger | Bandit | Bandit Captain | Bat | Berserker | Black Bear | Black Dragon Wyrmling | Blink Dog | Blood Hawk | Blue Dragon Wyrmling | Bone Devil | Bronze Dragon Wyrmling | Brown Bear | Bugbear Stalker | Camel | Cat | Chimera | Commoner | Constrictor Snake | Crab | Cultist | Deer | Draft Horse | Dragon Turtle | Druid | Dryad | Eagle | Earth Elemental | Fire Giant | Flying Snake | Frog | Gargoyle | Ghoul | Giant Ape | Giant Badger | Giant Bat | Giant Constrictor Snake | Giant Eagle | Giant Fire Beetle | Giant Lizard | Giant Owl | Giant Rat | Giant Scorpion | Giant Seahorse | Giant Venomous Snake | Giant Wasp | Giant Weasel | Giant Wolf Spider | Gladiator | Goat | Goblin Minion | Green Dragon Wyrmling | Grick | Grimlock | Guard | Guard Captain | Hawk | Hell Hound | Hezrou | Hippogriff | Hippopotamus | Hobgoblin Captain | Hobgoblin Warrior | Hyena | Imp | Jackal | Killer Whale | Knight | Kobold Warrior | Lemure | Lion | Lizard | Magma Mephit | Magmin | Manticore | Marilith | Merfolk Skirmisher | Merrow | Minotaur Skeleton | Minotaur of Baphomet | Mule | Nightmare | Noble | Ogre | Ogre Zombie | Owl | Owlbear | Panther | Pegasus | Pirate | Plesiosaurus | Polar Bear | Pony | Pteranodon | Rat | Raven | Red Dragon Wyrmling | Reef Shark | Riding Horse | Saber-Toothed Tiger | Sahuagin Warrior | Satyr | Scorpion | Scout | Skeleton | Spider | Spy | Swarm of Bats | Swarm of Insects | Swarm of Rats | Swarm of Venomous Snakes | Tough | Tough Boss | Troll Limb | Venomous Snake | Violet Fungus | Vulture | Warrior Infantry | Warrior Veteran | Weasel | Werebear | Wereboar | Wererat | Weretiger | Werewolf | White Dragon Wyrmling | Wyvern | Xorn | Young Black Dragon | Young Blue Dragon | Young Bronze Dragon | Young Green Dragon | Young Red Dragon | Young White Dragon | Zombie,Adult Black Dragon | Adult Blue Dragon | Adult Brass Dragon | Adult Bronze Dragon | Adult Copper Dragon | Adult Gold Dragon | Adult Green Dragon | Adult Red Dragon | Adult Silver Dragon | Adult White Dragon | Ancient Black Dragon | Ancient Blue Dragon | Ancient Brass Dragon | Ancient Bronze Dragon | Ancient Copper Dragon | Ancient Gold Dragon | Ancient Green Dragon | Ancient Red Dragon | Ancient Silver Dragon | Ancient White Dragon | Archmage | Assassin | Balor | Barbed Devil | Basilisk | Behir | Brass Dragon Wyrmling | Bulette | Centaur Trooper | Cloaker | Cloud Giant | Copper Dragon Wyrmling | Cultist Fanatic | Deva | Djinni | Dretch | Drider | Dust Mephit | Efreeti | Erinyes | Ettercap | Fire Elemental | Flesh Golem | Frost Giant | Gelatinous Cube | Ghast | Ghost | Giant Hyena | Giant Spider | Gnoll Warrior | Gold Dragon Wyrmling | Green Hag | Guardian Naga | Half-Dragon | Harpy | Horned Devil | Hydra | Ice Devil | Ice Mephit | Incubus | Invisible Stalker | Iron Golem | Lamia | Lich | Mage | Medusa | Mummy Lord | Nalfeshnee | Night Hag | Ochre Jelly | Octopus | Oni | Pirate Captain | Pit Fiend | Planetar | Priest | Priest Acolyte | Pseudodragon | Purple Worm | Rakshasa | Roc | Roper | Rust Monster | Salamander | Sea Hag | Shambling Mound | Shield Guardian | Silver Dragon Wyrmling | Sphinx of Lore | Sphinx of Valor | Sphinx of Wonder | Spirit Naga | Sprite | Steam Mephit | Stone Giant | Stone Golem | Storm Giant | Succubus | Swarm of Ravens | Tarrasque | Treant | Troll | Unicorn | Vrock | Wight | Will-o’-Wisp | Young Brass Dragon | Young Copper Dragon | Young Gold Dragon | Young Silver Dragon
multiattack,True,False,1,156,156,73,83,multiattack,action,Multiattack | Multiattack (Vampire Form Only),multiattack,Air Elemental | Animated Armor | Ankylosaurus | Ape | Archelon | Bandit Captain | Black Bear | Black Dragon Wyrmling | Blue Dragon Wyrmling | Bone Devil | Bronze Dragon Wyrmling | Brown Bear | Bugbear Stalker | Chimera | Dragon Turtle | Druid | Earth Elemental | Elephant | Ettin | Fire Giant | Gargoyle | Ghoul | Giant Ape | Giant Constrictor Snake | Giant Crocodile | Giant Eagle | Giant Scorpion | Giant Shark | Gladiator | Goblin Boss | Green Dragon Wyrmling | Grick | Griffon | Guard Captain | Hell Hound | Hezrou | Hill Giant | Hippogriff | Hippopotamus | Hobgoblin Captain | Knight | Lion | Mammoth | Manticore | Marilith | Merrow | Owlbear | Phase Spider | Pirate | Polar Bear | Red Dragon Wyrmling | Saber-Toothed Tiger | Sahuagin Warrior | Scout | Tough Boss | Triceratops | Tyrannosaurus Rex | Violet Fungus | Warrior Veteran | Werebear | Wereboar | Wererat | Weretiger | Werewolf | White Dragon Wyrmling | Wyvern | Xorn | Young Black Dragon | Young Blue Dragon | Young Bronze Dragon | Young Green Dragon | Young Red Dragon | Young White Dragon,Aboleth | Adult White Dragon | Ancient White Dragon | Archmage | Assassin | Balor | Barbed Devil | Bearded Devil | Behir | Bulette | Centaur Trooper | Chain Devil | Chuul | Clay Golem | Cloaker | Death Dog | Deva | Djinni | Doppelganger | Drider | Efreeti | Erinyes | Ettercap | Fire Elemental | Flesh Golem | Frost Giant | Ghost | Gold Dragon Wyrmling | Green Hag | Guardian Naga | Half-Dragon | Horned Devil | Hydra | Ice Devil | Incubus | Invisible Stalker | Iron Golem | Kraken | Lamia | Lich | Mage | Medusa | Mummy | Mummy Lord | Nalfeshnee | Night Hag | Otyugh | Pirate Captain | Pit Fiend | Planetar | Priest | Pseudodragon | Purple Worm | Rakshasa | Roc | Roper | Rust Monster | Salamander | Shambling Mound | Shield Guardian | Silver Dragon Wyrmling | Solar | Sphinx of Lore | Sphinx of Valor | Spirit Naga | Stone Giant | Stone Golem | Storm Giant | Succubus | Tarrasque | Treant | Troll | Unicorn | Vampire | Vampire Familiar | Vampire Spawn | Vrock | Water Elemental | Wight | Young Brass Dragon | Young Copper Dragon | Young Gold Dragon | Young Silver Dragon
combat-math-none,True,False,0,55,51,4,47,,legendary-action | reaction | trait,Arcane Prowl | Berserk | Celestial Restoration | Charging Horn | Deathless Strike | Demonic Restoration | Diabolical Restoration | Eldritch Restoration | Elemental Restoration | Exalted Restoration | Fiendish Restoration | Greater Magic Resistance | Hellish Restoration | Lash | Necrotic Strike | Onslaught | Pounce | Reflexive Antennae | Spirit Jar | Tail Swipe | Wishes,combat-math-none,Bone Devil | Hezrou | Lemure | Marilith,Aboleth | Adult Black Dragon | Adult Blue Dragon | Adult Brass Dragon | Adult Bronze Dragon | Adult Copper Dragon | Adult Gold Dragon | Adult Green Dragon | Adult Red Dragon | Adult Silver Dragon | Adult White Dragon | Ancient Black Dragon | Ancient Blue Dragon | Ancient Brass Dragon | Ancient Bronze Dragon | Ancient Copper Dragon | Ancient Gold Dragon | Ancient Green Dragon | Ancient Red Dragon | Ancient Silver Dragon | Ancient White Dragon | Barbed Devil | Chain Devil | Clay Golem | Deva | Djinni | Efreeti | Erinyes | Glabrezu | Guardian Naga | Horned Devil | Ice Devil | Lich | Mummy Lord | Nalfeshnee | Pit Fiend | Planetar | Rakshasa | Rust Monster | Solar | Sphinx of Lore | Sphinx of Valor | Spirit Naga | Tarrasque | Unicorn | Vampire | Vrock
limited-use+spellcasting,True,False,6,48,39,3,36,limited-use | spellcasting,action | bonus-action | reaction,Divine Aid (1/Day) | Divine Aid (2/Day) | Divine Aid (3/Day) | Fog Cloud (1/Day) | Misty Step (3/Day) | Protective Magic (3/Day) | Sleep (1/Day) | Spellcasting | Spiritual Weapon (2/Day) | Unicorn’s Blessing (3/Day),limited-use+spellcasting,Druid | Dryad | Giant Owl,Adult Black Dragon | Adult Blue Dragon | Adult Green Dragon | Adult Red Dragon | Ancient Black Dragon | Ancient Blue Dragon | Ancient Green Dragon | Ancient Red Dragon | Archmage | Cloud Giant | Couatl | Cultist Fanatic | Deva | Djinni | Dust Mephit | Efreeti | Glabrezu | Guardian Naga | Ice Mephit | Incubus | Lamia | Lich | Mage | Mummy Lord | Night Hag | Oni | Planetar | Priest | Priest Acolyte | Rakshasa | Solar | Sphinx of Lore | Sphinx of Valor | Spirit Naga | Storm Giant | Unicorn
spellcasting,True,False,4,39,34,1,33,spellcasting,action | bonus-action | legendary-action | reaction,Beguile | Blazing Light | Charm | Chill | Cloaked Flight | Commanding Presence | Dread Command | Etherealness | Fiery Rays | Frightening Gaze | Frightful Presence | Guiding Light | Illusory Appearance | Invisibility | Mind Invasion | Mind Jolt | Misty Step | Phantasms (Recharge after a Short or Long Rest) | Protective Magic | Read Thoughts | Sonic Boom | Spellcasting,spellcasting,Imp,Adult Black Dragon | Adult Blue Dragon | Adult Brass Dragon | Adult Bronze Dragon | Adult Copper Dragon | Adult Gold Dragon | Adult Green Dragon | Adult Red Dragon | Adult Silver Dragon | Adult White Dragon | Ancient Black Dragon | Ancient Blue Dragon | Ancient Brass Dragon | Ancient Bronze Dragon | Ancient Copper Dragon | Ancient Gold Dragon | Ancient Green Dragon | Ancient Red Dragon | Ancient Silver Dragon | Ancient White Dragon | Cloaker | Cloud Giant | Doppelganger | Ghost | Lich | Mummy Lord | Oni | Priest Acolyte | Quasit | Sea Hag | Sprite | Succubus | Vampire
damage+damage:typed+recharge+saving-throw,True,False,6,50,50,18,32,damage | damage:acid | damage:cold | damage:fire | damage:lightning | damage:poison | recharge | saving-throw,action,Acid Breath (Recharge 5-6) | Acid Spray (Recharge 6) | Cold Breath (Recharge 5-6) | Fire Breath (Recharge 5-6) | Fire Breath (Recharge 6) | Frost Breath (Recharge 6) | Lightning Breath (Recharge 5-6) | Poison Breath (Recharge 5-6) | Poison Breath (Recharge 6) | Steam Breath (Recharge 5-6) | Steam Breath (Recharge 6),damage+damage:acid+recharge+saving-throw | damage+damage:cold+recharge+saving-throw | damage+damage:fire+recharge+saving-throw | damage+damage:lightning+recharge+saving-throw | damage+damage:poison+recharge+saving-throw,Ankheg | Black Dragon Wyrmling | Blue Dragon Wyrmling | Bronze Dragon Wyrmling | Chimera | Dragon Turtle | Green Dragon Wyrmling | Hell Hound | Magma Mephit | Red Dragon Wyrmling | White Dragon Wyrmling | Winter Wolf | Young Black Dragon | Young Blue Dragon | Young Bronze Dragon | Young Green Dragon | Young Red Dragon | Young White Dragon,Adult Black Dragon | Adult Blue Dragon | Adult Brass Dragon | Adult Bronze Dragon | Adult Copper Dragon | Adult Gold Dragon | Adult Green Dragon | Adult Red Dragon | Adult Silver Dragon | Adult White Dragon | Ancient Black Dragon | Ancient Blue Dragon | Ancient Brass Dragon | Ancient Bronze Dragon | Ancient Copper Dragon | Ancient Gold Dragon | Ancient Green Dragon | Ancient Red Dragon | Ancient Silver Dragon | Ancient White Dragon | Behir | Brass Dragon Wyrmling | Copper Dragon Wyrmling | Gold Dragon Wyrmling | Ice Mephit | Iron Golem | Silver Dragon Wyrmling | Steam Mephit | Young Brass Dragon | Young Copper Dragon | Young Gold Dragon | Young Silver Dragon
legendary+limited-use+saving-throw,False,False,10,32,32,0,32,legendary | limited-use | saving-throw,trait,"Legendary Resistance (3/Day) | Legendary Resistance (3/Day, or 4/Day in Lair) | Legendary Resistance (4/Day) | Legendary Resistance (4/Day, or 5/Day in Lair) | Legendary Resistance (6/Day)",legendary+limited-use+saving-throw,,Aboleth | Adult Black Dragon | Adult Blue Dragon | Adult Brass Dragon | Adult Bronze Dragon | Adult Copper Dragon | Adult Gold Dragon | Adult Green Dragon | Adult Red Dragon | Adult Silver Dragon | Adult White Dragon | Ancient Black Dragon | Ancient Blue Dragon | Ancient Brass Dragon | Ancient Bronze Dragon | Ancient Copper Dragon | Ancient Gold Dragon | Ancient Green Dragon | Ancient Red Dragon | Ancient Silver Dragon | Ancient White Dragon | Balor | Kraken | Lich | Mummy Lord | Pit Fiend | Solar | Sphinx of Lore | Sphinx of Valor | Tarrasque | Unicorn | Vampire
advantage,True,False,1,37,37,9,28,advantage,trait,Bloodied Frenzy | Bloodied Fury | Magic Resistance,advantage,Berserker | Boar | Bone Devil | Dryad | Giant Boar | Hezrou | Imp | Marilith | Satyr,Archmage | Balor | Barbed Devil | Bearded Devil | Chain Devil | Clay Golem | Deva | Djinni | Efreeti | Erinyes | Flesh Golem | Glabrezu | Horned Devil | Ice Devil | Iron Golem | Mummy Lord | Nalfeshnee | Night Hag | Pit Fiend | Planetar | Pseudodragon | Quasit | Solar | Sphinx of Wonder | Stone Golem | Tarrasque | Unicorn | Vrock
multiattack+spellcasting,True,False,5,22,22,1,21,multiattack | spellcasting,action,Multiattack,multiattack+spellcasting,Dryad,Adult Black Dragon | Adult Blue Dragon | Adult Brass Dragon | Adult Bronze Dragon | Adult Copper Dragon | Adult Gold Dragon | Adult Green Dragon | Adult Red Dragon | Adult Silver Dragon | Ancient Black Dragon | Ancient Blue Dragon | Ancient Brass Dragon | Ancient Bronze Dragon | Ancient Copper Dragon | Ancient Gold Dragon | Ancient Green Dragon | Ancient Red Dragon | Ancient Silver Dragon | Cloud Giant | Glabrezu | Oni
damage+damage:typed,True,False,2,17,16,3,13,damage | damage:acid | damage:cold | damage:fire | damage:force | damage:lightning | damage:piercing | damage:slashing,reaction | trait,Acid Absorption | Barbed Hide | Confer Fire Resistance | Fire Absorption | Fire Form | Freeze | Incorporeal Movement | Lightning Absorption | Running Water | Split | Water Susceptibility,damage+damage:acid | damage+damage:cold | damage+damage:fire | damage+damage:force | damage+damage:lightning | damage+damage:piercing | damage+damage:slashing,Nightmare | Specter | Wraith,Barbed Devil | Black Pudding | Clay Golem | Fire Elemental | Flesh Golem | Ghost | Iron Golem | Ochre Jelly | Shambling Mound | Vampire | Vampire Spawn | Water Elemental | Will-o’-Wisp
aura+damage+damage:typed+saving-throw,True,False,7,11,11,1,10,aura | damage | damage:cold | damage:fire | damage:lightning | damage:necrotic | damage:piercing | damage:psychic | damage:radiant | saving-throw,action | legendary-action,Freezing Burst | Giggling Magic | Holy Burst | Infernal Tail | Lightning Strike | Mockery | Scorching Sands | Slaying Bow,aura+damage+damage:cold+saving-throw | aura+damage+damage:fire+saving-throw | aura+damage+damage:lightning+saving-throw | aura+damage+damage:necrotic+saving-throw | aura+damage+damage:piercing+damage:radiant+saving-throw | aura+damage+damage:psychic+saving-throw | aura+damage+damage:radiant+saving-throw,Satyr,Adult Brass Dragon | Adult Copper Dragon | Adult White Dragon | Ancient Brass Dragon | Ancient Copper Dragon | Ancient White Dragon | Horned Devil | Kraken | Planetar | Solar
concentration+limited-use+spellcasting+temporary-hp+transformation,False,False,18,10,10,0,10,concentration | limited-use | spellcasting | temporary-hp | transformation,action,Spellcasting,concentration+limited-use+spellcasting+temporary-hp+transformation,,Adult Brass Dragon | Adult Bronze Dragon | Adult Copper Dragon | Adult Silver Dragon | Ancient Brass Dragon | Ancient Bronze Dragon | Ancient Copper Dragon | Ancient Silver Dragon | Couatl | Deva
immunity,True,False,1,14,14,5,9,immunity,statblock,Damage Defenses,immunity,Werebear | Wereboar | Wererat | Weretiger | Werewolf,Chain Devil | Cloaker | Ghast | Ghost | Harpy | Mummy | Nalfeshnee | Pit Fiend | Sea Hag
attack-roll+condition:grappled+damage+damage:typed,True,False,4,14,14,7,7,attack-roll | condition:grappled | damage | damage:bludgeoning | damage:necrotic | damage:piercing | damage:poison | damage:slashing,action,Bite | Claw | Claws | Grab | Grave Strike (Vampire Form Only) | Pincer | Rend | Tentacle | Tentacles,attack-roll+condition:grappled+damage+damage:bludgeoning | attack-roll+condition:grappled+damage+damage:bludgeoning+damage:necrotic | attack-roll+condition:grappled+damage+damage:piercing | attack-roll+condition:grappled+damage+damage:piercing+damage:poison | attack-roll+condition:grappled+damage+damage:slashing,Bugbear Warrior | Giant Crab | Giant Frog | Giant Scorpion | Giant Toad | Grick | Griffon,Aboleth | Barbed Devil | Chuul | Glabrezu | Otyugh | Vampire | Vampire Spawn
attack-roll+condition:grappled+condition:restrained+damage+damage:typed,True,False,5,10,10,3,7,attack-roll | condition:grappled | condition:restrained | damage | damage:bludgeoning | damage:fire | damage:piercing | damage:slashing,action,Bite | Chain | Talons | Tentacle | Tentacles,attack-roll+condition:grappled+condition:restrained+damage+damage:bludgeoning | attack-roll+condition:grappled+condition:restrained+damage+damage:fire+damage:piercing | attack-roll+condition:grappled+condition:restrained+damage+damage:piercing | attack-roll+condition:grappled+condition:restrained+damage+damage:slashing,Crocodile | Giant Crocodile | Tyrannosaurus Rex,Chain Devil | Giant Octopus | Kraken | Purple Worm | Remorhaz | Roc | Tarrasque
attack-roll+condition:prone+damage+damage:typed,True,False,4,35,35,29,6,attack-roll | condition:prone | damage | damage:bludgeoning | damage:fire | damage:force | damage:necrotic | damage:piercing | damage:radiant | damage:slashing | damage:thunder,action,Battleaxe | Bite | Boulder | Claw | Claws | Flame Whip | Gore | Hooves | Ram | Rend | Rock Launch | Slam | Storm Bolt | Swarm of Grasping Hands | Tail | Tree Club | Tusk (Boar or Hybrid Form Only),attack-roll+condition:prone+damage+damage:bludgeoning | attack-roll+condition:prone+damage+damage:bludgeoning+damage:radiant | attack-roll+condition:prone+damage+damage:fire+damage:force | attack-roll+condition:prone+damage+damage:necrotic | attack-roll+condition:prone+damage+damage:piercing | attack-roll+condition:prone+damage+damage:slashing | attack-roll+condition:prone+damage+damage:thunder,Allosaurus | Ankylosaurus | Boar | Brown Bear | Chimera | Dire Wolf | Dragon Turtle | Earth Elemental | Elephant | Elk | Ettin | Giant Boar | Giant Crocodile | Giant Elk | Giant Goat | Hill Giant | Mammoth | Mastiff | Minotaur Skeleton | Rhinoceros | Swarm of Crawling Claws | Tiger | Triceratops | Tyrannosaurus Rex | Warhorse | Warhorse Skeleton | Wereboar | Winter Wolf | Wolf,Balor | Djinni | Gorgon | Stone Giant | Tarrasque | Water Elemental
damage,True,False,1,6,6,1,5,damage,trait,Draconic Origin | Siege Monster | Undead Restoration,damage,Earth Elemental,Half-Dragon | Kraken | Mummy Lord | Tarrasque | Treant
aura+damage+damage:typed,False,False,5,5,5,0,5,aura | damage | damage:fire | damage:necrotic,legendary-action | trait,Deathly Teleport | Fire Aura | Heat Aura,aura+damage+damage:fire | aura+damage+damage:necrotic,,Balor | Fire Elemental | Lich | Remorhaz | Salamander
attack-roll+condition:poisoned+damage+damage:typed,True,False,4,9,9,5,4,attack-roll | condition:poisoned | damage | damage:bludgeoning | damage:piercing | damage:poison | damage:slashing,action,Bite | Gouge | Rend | Shortsword | Sting | Trash Lob,attack-roll+condition:poisoned+damage+damage:bludgeoning | attack-roll+condition:poisoned+damage+damage:piercing | attack-roll+condition:poisoned+damage+damage:piercing+damage:poison | attack-roll+condition:poisoned+damage+damage:slashing,Giant Centipede | Giant Vulture | Hill Giant | Merrow | Wyvern,Assassin | Couatl | Ettercap | Quasit
damage+damage:typed+death-trigger+saving-throw,True,False,7,6,6,2,4,damage | damage:bludgeoning | damage:cold | damage:fire | damage:force | death-trigger | saving-throw,trait,Death Burst | Death Throes,damage+damage:bludgeoning+death-trigger+saving-throw | damage+damage:cold+death-trigger+saving-throw | damage+damage:fire+damage:force+death-trigger+saving-throw | damage+damage:fire+death-trigger+saving-throw,Magma Mephit | Magmin,Balor | Dust Mephit | Ice Mephit | Steam Mephit
bonus-action+saving-throw,False,False,3,4,4,0,4,bonus-action | saving-throw,action,Slowing Breath,bonus-action+saving-throw,,Adult Copper Dragon | Ancient Copper Dragon | Copper Dragon Wyrmling | Young Copper Dragon
damage+damage:typed+saving-throw,False,False,4,4,4,0,4,damage | damage:cold | damage:necrotic | damage:radiant | saving-throw,legendary-action,Cold Gale | Disrupt Life | Radiant Teleport,damage+damage:cold+saving-throw | damage+damage:necrotic+saving-throw | damage+damage:radiant+saving-throw,,Adult Silver Dragon | Ancient Silver Dragon | Lich | Solar
recharge+spellcasting,False,False,6,4,4,0,4,recharge | spellcasting,action | bonus-action,Hellfire Spellcasting (Recharge 4-6) | Ice Wall (Recharge 6) | Magic of the Spider Queen (Recharge 5-6) | Slow (Recharge 5-6),recharge+spellcasting,,Drider | Ice Devil | Pit Fiend | Stone Golem
aura+spellcasting,False,False,7,4,4,0,4,aura | spellcasting,trait,Coven Magic | Spell Storing,aura+spellcasting,,Green Hag | Night Hag | Sea Hag | Shield Guardian
condition:incapacitated+condition:paralyzed+repeat-save+saving-throw,False,False,7,4,4,0,4,condition:incapacitated | condition:paralyzed | repeat-save | saving-throw,action,Paralyzing Breath,condition:incapacitated+condition:paralyzed+repeat-save+saving-throw,,Adult Silver Dragon | Ancient Silver Dragon | Silver Dragon Wyrmling | Young Silver Dragon
aura+condition:blinded+condition:grappled+condition:prone+condition:restrained+damage+damage:typed+saving-throw,False,False,11,4,4,0,4,aura | condition:blinded | condition:grappled | condition:prone | condition:restrained | damage | damage:acid | damage:fire | saving-throw,bonus-action,Swallow,aura+condition:blinded+condition:grappled+condition:prone+condition:restrained+damage+damage:acid+damage:fire+saving-throw | aura+condition:blinded+condition:grappled+condition:prone+condition:restrained+damage+damage:acid+saving-throw,,Behir | Purple Worm | Remorhaz | Tarrasque
aura+condition:incapacitated+condition:unconscious+damage+repeat-save+saving-throw,False,False,11,4,4,0,4,aura | condition:incapacitated | condition:unconscious | damage | repeat-save | saving-throw,action,Sleep Breath,aura+condition:incapacitated+condition:unconscious+damage+repeat-save+saving-throw,,Adult Brass Dragon | Ancient Brass Dragon | Brass Dragon Wyrmling | Young Brass Dragon
attack-roll,True,False,1,9,9,6,3,attack-roll,reaction | trait,Parry | Reflective Carapace | Riposte,attack-roll,Bandit Captain | Gladiator | Knight | Marilith | Noble | Warrior Veteran,Erinyes | Pirate Captain | Tarrasque
disadvantage,True,False,1,7,7,4,3,disadvantage,trait,Light Sensitivity | Sunlight Sensitivity | Sunlight Weakness,disadvantage,Kobold Warrior | Shadow | Specter | Wraith,Cloaker | Drider | Wight
aura+condition:grappled+condition:restrained+damage+damage:typed+saving-throw,True,False,9,4,4,1,3,aura | condition:grappled | condition:restrained | damage | damage:bludgeoning | damage:fire | saving-throw,action,Constrict,aura+condition:grappled+condition:restrained+damage+damage:bludgeoning+damage:fire+saving-throw | aura+condition:grappled+condition:restrained+damage+damage:bludgeoning+saving-throw,Marilith,Behir | Couatl | Salamander
damage+damage:typed+disadvantage,False,False,3,3,3,0,3,damage | damage:fire | damage:radiant | disadvantage,trait,Aversion to Fire | Sunlight,damage+damage:fire+disadvantage | damage+damage:radiant+disadvantage,,Flesh Golem | Vampire | Vampire Spawn
damage+limited-use,False,False,3,3,3,0,3,damage | limited-use,bonus-action | reaction,Ink Cloud (1/Day) | Rampage (1/Day),damage+limited-use,,Giant Hyena | Giant Octopus | Gnoll Warrior
aura+saving-throw,False,False,5,3,3,0,3,aura | saving-throw,action | legendary-action,Heart Sight | Weight of Years,aura+saving-throw,,Sphinx of Lore | Sphinx of Valor | Sprite
condition:petrified+condition:restrained+recharge+repeat-save+saving-throw,False,False,9,3,3,0,3,condition:petrified | condition:restrained | recharge | repeat-save | saving-throw,action | bonus-action,Petrifying Breath (Recharge 5-6) | Petrifying Gaze (Recharge 4-6) | Petrifying Gaze (Recharge 5-6),condition:petrified+condition:restrained+recharge+repeat-save+saving-throw,,Basilisk | Gorgon | Medusa
condition:prone+saving-throw,True,False,3,4,4,2,2,condition:prone | saving-throw,action,Repulsion Breath,condition:prone+saving-throw,Bronze Dragon Wyrmling | Young Bronze Dragon,Adult Bronze Dragon | Ancient Bronze Dragon
advantage+attack-roll+damage+damage:typed,True,False,4,8,6,4,2,advantage | attack-roll | damage | damage:bludgeoning | damage:piercing | damage:slashing,action,Bite | Rapier | Scimitar | Shortbow | Slam,advantage+attack-roll+damage+damage:bludgeoning | advantage+attack-roll+damage+damage:piercing | advantage+attack-roll+damage+damage:slashing,Chimera | Goblin Boss | Goblin Warrior | Worg,Doppelganger | Pirate Captain
aura+condition:frightened+saving-throw,True,False,6,3,3,1,2,aura | condition:frightened | saving-throw,action | trait,Dreadful Glare | Roar | Vile Appearance,aura+condition:frightened+saving-throw,Lion,Mummy | Sea Hag
aura+condition:prone+damage+damage:typed+saving-throw,True,False,8,5,5,3,2,aura | condition:prone | damage | damage:bludgeoning | saving-throw,action | bonus-action,Deadly Leap | Shield Bash | Trample,aura+condition:prone+damage+damage:bludgeoning+saving-throw,Elephant | Gladiator | Mammoth,Bulette | Gorgon
attack-roll+damage+damage:typed+flat-modifier,False,False,5,3,2,0,2,attack-roll | damage | damage:acid | flat-modifier,action | trait,Corrosive Form | Dissolving Pseudopod | Pseudopod,attack-roll+damage+damage:acid+flat-modifier,,Black Pudding | Gray Ooze
aura+limited-use,False,False,5,2,2,0,2,aura | limited-use,action | reaction,Animate Trees (1/Day) | Ink Cloud (1/Day),aura+limited-use,,Octopus | Treant
condition:grappled+damage+damage:typed+saving-throw,False,False,5,2,2,0,2,condition:grappled | damage | damage:bludgeoning | damage:thunder | saving-throw,action,Pummel | Vortex,condition:grappled+damage+damage:bludgeoning+saving-throw | condition:grappled+damage+damage:thunder+saving-throw,,Glabrezu | Invisible Stalker
healing+regeneration,False,False,5,2,2,0,2,healing | regeneration,trait,Regeneration,healing+regeneration,,Oni | Shield Guardian
damage+disadvantage+repeat-save+saving-throw,False,False,7,2,2,0,2,damage | disadvantage | repeat-save | saving-throw,action,Weakening Breath,damage+disadvantage+repeat-save+saving-throw,,Gold Dragon Wyrmling | Young Gold Dragon
aura+condition:deafened+damage+damage:typed+saving-throw,False,False,8,2,2,0,2,aura | condition:deafened | damage | damage:thunder | saving-throw,legendary-action,Thunderclap,aura+condition:deafened+damage+damage:thunder+saving-throw,,Adult Bronze Dragon | Ancient Bronze Dragon
aura+condition:incapacitated+damage+damage:typed+saving-throw,False,False,8,2,2,0,2,aura | condition:incapacitated | damage | damage:force | saving-throw,legendary-action,Banish,aura+condition:incapacitated+damage+damage:force+saving-throw,,Adult Gold Dragon | Ancient Gold Dragon
aura+condition:restrained+damage+damage:typed+saving-throw,False,False,8,2,2,0,2,aura | condition:restrained | damage | damage:acid | damage:fire | saving-throw,action,Conjure Infernal Chain | Engulf,aura+condition:restrained+damage+damage:acid+saving-throw | aura+condition:restrained+damage+damage:fire+saving-throw,,Chain Devil | Gelatinous Cube
aura+damage+damage:typed+flat-modifier+saving-throw,False,False,9,2,2,0,2,aura | damage | damage:poison | flat-modifier | saving-throw,legendary-action,Noxious Miasma,aura+damage+damage:poison+flat-modifier+saving-throw,,Adult Green Dragon | Ancient Green Dragon
aura+concentration+damage+damage:typed+disadvantage+saving-throw,False,False,11,2,2,0,2,aura | concentration | damage | damage:poison | disadvantage | saving-throw,legendary-action,Cloud of Insects,aura+concentration+damage+damage:poison+disadvantage+saving-throw,,Adult Black Dragon | Ancient Black Dragon
aura+condition:restrained+damage+damage:typed+recharge+saving-throw,False,False,11,2,2,0,2,aura | condition:restrained | damage | damage:fire | damage:psychic | recharge | saving-throw,action,Web (Recharge 5-6) | Web Strand (Recharge 5-6),aura+condition:restrained+damage+damage:fire+damage:psychic+recharge+saving-throw,,Ettercap | Giant Spider
attack-roll+damage+damage:typed+healing+max-hp-change+zero-hp-effect,False,False,12,2,2,0,2,attack-roll | damage | damage:bludgeoning | damage:necrotic | healing | max-hp-change | zero-hp-effect,action,Rotting Fist,attack-roll+damage+damage:bludgeoning+damage:necrotic+healing+max-hp-change+zero-hp-effect,,Mummy | Mummy Lord
concentration+damage+disadvantage+limited-use+repeat-save+saving-throw+spellcasting+temporary-hp+transformation,False,False,25,2,2,0,2,concentration | damage | disadvantage | limited-use | repeat-save | saving-throw | spellcasting | temporary-hp | transformation,action,Spellcasting,concentration+damage+disadvantage+limited-use+repeat-save+saving-throw+spellcasting+temporary-hp+transformation,,Adult Gold Dragon | Ancient Gold Dragon
aura,True,False,3,2,2,1,1,aura,reaction | trait,Berserk | Redirect Attack,aura,Goblin Boss,Flesh Golem
condition:poisoned+saving-throw,True,False,3,2,2,1,1,condition:poisoned | saving-throw,trait,Stench,condition:poisoned+saving-throw,Hezrou,Ghast
healing+temporary-hp,True,False,4,7,7,6,1,healing | temporary-hp,trait,Swarm,healing+temporary-hp,Swarm of Bats | Swarm of Crawling Claws | Swarm of Insects | Swarm of Piranhas | Swarm of Rats | Swarm of Venomous Snakes,Swarm of Ravens
advantage+attack-roll+condition:grappled+damage+damage:typed,True,False,5,4,4,3,1,advantage | attack-roll | condition:grappled | damage | damage:acid | damage:bludgeoning | damage:piercing | damage:slashing,action,Bite | Light Hammer | Morningstar,advantage+attack-roll+condition:grappled+damage+damage:acid+damage:piercing | advantage+attack-roll+condition:grappled+damage+damage:acid+damage:slashing | advantage+attack-roll+condition:grappled+damage+damage:bludgeoning | advantage+attack-roll+condition:grappled+damage+damage:piercing,Ankheg | Bugbear Stalker | Bugbear Warrior,Mimic
attack-roll+condition:paralyzed+damage+damage:typed+saving-throw,True,False,6,2,2,1,1,attack-roll | condition:paralyzed | damage | damage:slashing | saving-throw,action,Claw,attack-roll+condition:paralyzed+damage+damage:slashing+saving-throw,Ghoul,Ghast
attack-roll+condition:poisoned+damage+damage:typed+healing,True,False,6,2,2,1,1,attack-roll | condition:poisoned | damage | damage:piercing | damage:poison | healing,action,Beard | Infernal Sting,attack-roll+condition:poisoned+damage+damage:piercing+damage:poison+healing | attack-roll+condition:poisoned+damage+damage:piercing+healing,Bone Devil,Bearded Devil
attack-roll+damage+damage:typed+max-hp-change,True,False,6,3,3,2,1,attack-roll | damage | damage:acid | damage:bludgeoning | damage:necrotic | max-hp-change,action,Life Drain | Slam,attack-roll+damage+damage:acid+damage:bludgeoning+max-hp-change | attack-roll+damage+damage:necrotic+max-hp-change,Specter | Wraith,Clay Golem
aura+condition:charmed+saving-throw,True,False,6,2,2,1,1,aura | condition:charmed | saving-throw,action | bonus-action,Captain’s Charm | Enthralling Panache,aura+condition:charmed+saving-throw,Pirate,Pirate Captain
condition:prone+damage+damage:typed+recharge+saving-throw,True,False,7,2,2,1,1,condition:prone | damage | damage:bludgeoning | damage:thunder | recharge | saving-throw,action | bonus-action,Trampling Charge (Recharge 5-6) | Whirlwind (Recharge 4-6),condition:prone+damage+damage:bludgeoning+recharge+saving-throw | condition:prone+damage+damage:thunder+recharge+saving-throw,Air Elemental,Centaur Trooper
attack-roll+condition:paralyzed+condition:poisoned+damage+damage:typed+zero-hp-effect,True,False,9,2,2,1,1,attack-roll | condition:paralyzed | condition:poisoned | damage | damage:necrotic | damage:piercing | damage:poison | zero-hp-effect,action,Bite | Umbral Dagger,attack-roll+condition:paralyzed+condition:poisoned+damage+damage:necrotic+damage:piercing+zero-hp-effect | attack-roll+condition:paralyzed+condition:poisoned+damage+damage:piercing+damage:poison+zero-hp-effect,Phase Spider,Vampire Familiar
damage+damage:typed+healing+regeneration+zero-hp-effect,True,False,10,2,2,1,1,damage | damage:fire | healing | regeneration | zero-hp-effect,trait,Regeneration,damage+damage:fire+healing+regeneration+zero-hp-effect,Troll Limb,Troll
condition:grappled,False,False,1,1,1,0,1,condition:grappled,action,Reel,condition:grappled,,Roper
condition:invisible,False,False,1,1,1,0,1,condition:invisible,trait,Invisibility,condition:invisible,,Invisible Stalker
condition:grappled+disadvantage,False,False,2,1,1,0,1,condition:grappled | disadvantage,trait,Adhesive (Object Form Only),condition:grappled+disadvantage,,Mimic
condition:incapacitated+disadvantage,False,False,2,1,1,0,1,condition:incapacitated | disadvantage,trait,Blurred Form,condition:incapacitated+disadvantage,,Steam Mephit
reaction,False,False,2,1,1,0,1,reaction,trait,Reactive Heads,reaction,,Hydra
condition:frightened+saving-throw,False,False,3,1,1,0,1,condition:frightened | saving-throw,bonus-action,Moan,condition:frightened+saving-throw,,Cloaker
condition:grappled+recharge,False,False,3,1,1,0,1,condition:grappled | recharge,bonus-action,Swoop (Recharge 5-6),condition:grappled+recharge,,Roc
condition:incapacitated+damage+damage:typed,False,False,3,1,1,0,1,condition:incapacitated | damage | damage:piercing,trait,Stake to the Heart,condition:incapacitated+damage+damage:piercing,,Vampire Spawn
damage+flat-modifier,False,False,3,1,1,0,1,damage | flat-modifier,trait,Corrosive Form,damage+flat-modifier,,Gray Ooze
attack-roll+condition:charmed+damage+damage:typed,False,False,4,1,1,0,1,attack-roll | condition:charmed | damage | damage:piercing,action,Enchanting Bow,attack-roll+condition:charmed+damage+damage:piercing,,Sprite
attack-roll+condition:frightened+damage+damage:typed,False,False,4,1,1,0,1,attack-roll | condition:frightened | damage | damage:psychic,action,Nightmare Ray,attack-roll+condition:frightened+damage+damage:psychic,,Oni
attack-roll+condition:incapacitated+damage+damage:typed,False,False,4,1,1,0,1,attack-roll | condition:incapacitated | damage | damage:thunder,action,Thundercloud,attack-roll+condition:incapacitated+damage+damage:thunder,,Cloud Giant
attack-roll+condition:paralyzed+damage+damage:typed,False,False,4,1,1,0,1,attack-roll | condition:paralyzed | damage | damage:cold,action,Paralyzing Touch,attack-roll+condition:paralyzed+damage+damage:cold,,Lich
aura+condition:blinded,False,False,4,1,1,0,1,aura | condition:blinded,reaction,Whirlwind of Sand,aura+condition:blinded,,Mummy Lord
aura+condition:restrained,False,False,4,1,1,0,1,aura | condition:restrained,bonus-action,Reel,aura+condition:restrained,,Ettercap
aura+damage,False,False,4,1,1,0,1,aura | damage,trait,Bound,aura+damage,,Shield Guardian
concentration+condition:invisible,False,False,4,1,1,0,1,concentration | condition:invisible,bonus-action,Vanish,concentration+condition:invisible,,Will-o’-Wisp
concentration+condition:prone,False,False,4,1,1,0,1,concentration | condition:prone,legendary-action,World-Shaking Movement,concentration+condition:prone,,Tarrasque
condition:blinded+condition:poisoned+saving-throw,False,False,4,1,1,0,1,condition:blinded | condition:poisoned | saving-throw,legendary-action,Toxic Ink,condition:blinded+condition:poisoned+saving-throw,,Kraken
condition:charmed+condition:grappled+healing,False,False,4,1,1,0,1,condition:charmed | condition:grappled | healing,legendary-action,Psychic Drain,condition:charmed+condition:grappled+healing,,Aboleth
condition:incapacitated+condition:paralyzed+damage+damage:typed,False,False,4,1,1,0,1,condition:incapacitated | condition:paralyzed | damage | damage:piercing,trait,Stake to the Heart,condition:incapacitated+condition:paralyzed+damage+damage:piercing,,Vampire
condition:incapacitated+damage+saving-throw,False,False,4,1,1,0,1,condition:incapacitated | damage | saving-throw,trait,Evasion,condition:incapacitated+damage+saving-throw,,Assassin
damage+damage:typed+healing,False,False,4,1,1,0,1,damage | damage:fire | healing,trait,Multiple Heads,damage+damage:fire+healing,,Hydra
damage+zero-hp-effect,False,False,4,1,1,0,1,damage | zero-hp-effect,trait,Soul Bag,damage+zero-hp-effect,,Night Hag
advantage+recharge+temporary-hp,False,False,5,1,1,0,1,advantage | recharge | temporary-hp,bonus-action,War Cry (Recharge 5-6),advantage+recharge+temporary-hp,,Frost Giant
attack-roll+condition:blinded+condition:deafened+damage+damage:typed,False,False,5,1,1,0,1,attack-roll | condition:blinded | condition:deafened | damage | damage:lightning,action,Thunderbolt,attack-roll+condition:blinded+condition:deafened+damage+damage:lightning,,Storm Giant
attack-roll+condition:grappled+condition:poisoned+damage+damage:typed,False,False,5,1,1,0,1,attack-roll | condition:grappled | condition:poisoned | damage | damage:psychic,action,Tentacle,attack-roll+condition:grappled+condition:poisoned+damage+damage:psychic,,Roper
aura+flat-modifier,False,False,5,1,1,0,1,aura | flat-modifier,reaction,Protection,aura+flat-modifier,,Shield Guardian
condition:blinded+recharge+saving-throw,False,False,5,1,1,0,1,condition:blinded | recharge | saving-throw,action,Blinding Breath (Recharge 6),condition:blinded+recharge+saving-throw,,Dust Mephit
condition:frightened+damage+damage:typed+saving-throw,False,False,5,1,1,0,1,condition:frightened | damage | damage:psychic | saving-throw,action,Horrific Visage,condition:frightened+damage+damage:psychic+saving-throw,,Ghost
condition:frightened+limited-use+saving-throw,False,False,5,1,1,0,1,condition:frightened | limited-use | saving-throw,action,Roar (3/Day),condition:frightened+limited-use+saving-throw,,Sphinx of Valor
condition:invisible+spellcasting,False,False,5,1,1,0,1,condition:invisible | spellcasting,action,Spellcasting,condition:invisible+spellcasting,,Green Hag
condition:prone+damage+damage:typed+saving-throw,False,False,5,1,1,0,1,condition:prone | damage | damage:thunder | saving-throw,action,Third Roar,condition:prone+damage+damage:thunder+saving-throw,,Sphinx of Valor
damage+damage:typed+zero-hp-effect,False,False,5,1,1,0,1,damage | damage:psychic | zero-hp-effect,trait,Magic Rope,damage+damage:psychic+zero-hp-effect,,Erinyes
damage+recharge+saving-throw,False,False,5,1,1,0,1,damage | recharge | saving-throw,action,Dragon’s Breath (Recharge 5-6),damage+recharge+saving-throw,,Half-Dragon
attack-roll+condition:grappled+damage+damage:typed+disadvantage,False,False,6,1,1,0,1,attack-roll | condition:grappled | damage | damage:acid | damage:bludgeoning | disadvantage,action,Pseudopod,attack-roll+condition:grappled+damage+damage:acid+damage:bludgeoning+disadvantage,,Mimic
aura+condition:blinded+saving-throw,False,False,6,1,1,0,1,aura | condition:blinded | saving-throw,legendary-action,Blinding Gaze,aura+condition:blinded+saving-throw,,Solar
bonus-action+condition:poisoned+limited-use+saving-throw,False,False,6,1,1,0,1,bonus-action | condition:poisoned | limited-use | saving-throw,action,Fetid Cloud (1/Day),bonus-action+condition:poisoned+limited-use+saving-throw,,Dretch
condition:deafened+disadvantage+recharge+saving-throw,False,False,6,1,1,0,1,condition:deafened | disadvantage | recharge | saving-throw,action,Cacophony (Recharge 6),condition:deafened+disadvantage+recharge+saving-throw,,Swarm of Ravens
condition:grappled+condition:stunned+damage+damage:typed+saving-throw,False,False,6,1,1,0,1,condition:grappled | condition:stunned | damage | damage:bludgeoning | saving-throw,action,Tentacle Slam,condition:grappled+condition:stunned+damage+damage:bludgeoning+saving-throw,,Otyugh
condition:paralyzed+healing+zero-hp-effect,False,False,6,1,1,0,1,condition:paralyzed | healing | zero-hp-effect,trait,Misty Escape,condition:paralyzed+healing+zero-hp-effect,,Vampire
condition:paralyzed+repeat-save+saving-throw,False,False,6,1,1,0,1,condition:paralyzed | repeat-save | saving-throw,action,Second Roar,condition:paralyzed+repeat-save+saving-throw,,Sphinx of Valor
damage+damage:typed+healing+limited-use,False,False,6,1,1,0,1,damage | damage:slashing | healing | limited-use,trait,Loathsome Limbs (4/Day),damage+damage:slashing+healing+limited-use,,Troll
damage+damage:typed+healing+saving-throw,False,False,6,1,1,0,1,damage | damage:acid | healing | saving-throw,trait,Mucus Cloud,damage+damage:acid+healing+saving-throw,,Aboleth
attack-roll+aura+damage+damage:typed,False,False,7,1,1,0,1,attack-roll | aura | damage | damage:radiant | damage:slashing,action,Flying Sword,attack-roll+aura+damage+damage:radiant+damage:slashing,,Solar
attack-roll+bonus-action+damage+damage:typed+reaction,False,False,7,1,1,0,1,attack-roll | bonus-action | damage | damage:cold | damage:piercing | reaction,action,Ice Spear,attack-roll+bonus-action+damage+damage:cold+damage:piercing+reaction,,Ice Devil
attack-roll+condition:poisoned+condition:unconscious+damage+damage:typed+saving-throw,False,False,7,1,1,0,1,attack-roll | condition:poisoned | condition:unconscious | damage | damage:piercing | saving-throw,action,Bite,attack-roll+condition:poisoned+condition:unconscious+damage+damage:piercing+saving-throw,,Homunculus
attack-roll+condition:prone+damage+damage:typed+zero-hp-effect,False,False,7,1,1,0,1,attack-roll | condition:prone | damage | damage:piercing | zero-hp-effect,action,Bite,attack-roll+condition:prone+damage+damage:piercing+zero-hp-effect,,Gibbering Mouther
aura+bonus-action+condition:incapacitated+saving-throw,False,False,7,1,1,0,1,aura | bonus-action | condition:incapacitated | saving-throw,trait,Gibbering,aura+bonus-action+condition:incapacitated+saving-throw,,Gibbering Mouther
aura+condition:frightened+condition:incapacitated+saving-throw,False,False,7,1,1,0,1,aura | condition:frightened | condition:incapacitated | saving-throw,trait,Fear Aura,aura+condition:frightened+condition:incapacitated+saving-throw,,Pit Fiend
aura+flat-modifier+saving-throw,False,False,7,1,1,0,1,aura | flat-modifier | saving-throw,action,Antennae,aura+flat-modifier+saving-throw,,Rust Monster
aura+flat-modifier+temporary-hp,False,False,7,1,1,0,1,aura | flat-modifier | temporary-hp,legendary-action,Shimmering Shield,aura+flat-modifier+temporary-hp,,Unicorn
aura+limited-use+saving-throw,False,False,7,1,1,0,1,aura | limited-use | saving-throw,reaction,Burst of Ingenuity (2/Day),aura+limited-use+saving-throw,,Sphinx of Wonder
condition:frightened+damage+damage:typed+recharge+saving-throw,False,False,7,1,1,0,1,condition:frightened | damage | damage:psychic | recharge | saving-throw,bonus-action,Horror Nimbus (Recharge 5-6),condition:frightened+damage+damage:psychic+recharge+saving-throw,,Nalfeshnee
condition:incapacitated+damage+damage:typed+recharge+saving-throw,False,False,7,1,1,0,1,condition:incapacitated | damage | damage:psychic | recharge | saving-throw,action,Mind-Rending Roar (Recharge 5-6),condition:incapacitated+damage+damage:psychic+recharge+saving-throw,,Sphinx of Lore
condition:stunned+damage+damage:typed+limited-use+saving-throw,False,False,7,1,1,0,1,condition:stunned | damage | damage:thunder | limited-use | saving-throw,action,Stunning Screech (1/Day),condition:stunned+damage+damage:thunder+limited-use+saving-throw,,Vrock
attack-roll+aura+damage+damage:typed+saving-throw,False,False,8,1,1,0,1,attack-roll | aura | damage | damage:slashing | saving-throw,action,Infernal Glaive,attack-roll+aura+damage+damage:slashing+saving-throw,,Bearded Devil
aura+concentration+limited-use,False,False,8,1,1,0,1,aura | concentration | limited-use,action,Darkness Aura (1/Day),aura+concentration+limited-use,,Darkmantle
aura+condition:blinded+damage+damage:typed+saving-throw,False,False,8,1,1,0,1,aura | condition:blinded | damage | damage:poison | saving-throw,action,Poisonous Spittle,aura+condition:blinded+damage+damage:poison+saving-throw,,Guardian Naga
aura+condition:frightened+end-turn+saving-throw,False,False,8,1,1,0,1,aura | condition:frightened | end-turn | saving-throw,reaction,Unnerving Gaze,aura+condition:frightened+end-turn+saving-throw,,Chain Devil
aura+condition:paralyzed+damage+damage:typed+saving-throw,False,False,8,1,1,0,1,aura | condition:paralyzed | damage | damage:psychic | saving-throw,action,Dreadful Glare,aura+condition:paralyzed+damage+damage:psychic+saving-throw,,Mummy Lord
aura+damage+damage:typed+disadvantage+saving-throw,False,False,8,1,1,0,1,aura | damage | damage:acid | disadvantage | saving-throw,trait,Ooze Cube,aura+damage+damage:acid+disadvantage+saving-throw,,Gelatinous Cube
condition:charmed+damage+recharge+spellcasting,False,False,8,1,1,0,1,condition:charmed | damage | recharge | spellcasting,bonus-action,Charm (Recharge 5-6),condition:charmed+damage+recharge+spellcasting,,Vampire
condition:deafened+condition:frightened+damage+damage:typed+recharge+saving-throw,False,False,8,1,1,0,1,condition:deafened | condition:frightened | damage | damage:thunder | recharge | saving-throw,action,Thunderous Bellow (Recharge 5-6),condition:deafened+condition:frightened+damage+damage:thunder+recharge+saving-throw,,Tarrasque
condition:frightened+condition:incapacitated+damage+damage:typed+recharge+saving-throw,False,False,8,1,1,0,1,condition:frightened | condition:incapacitated | damage | damage:psychic | recharge | saving-throw,action,Baleful Command (Recharge 5-6),condition:frightened+condition:incapacitated+damage+damage:psychic+recharge+saving-throw,,Rakshasa
condition:frightened+recharge+repeat-save+saving-throw,False,False,8,1,1,0,1,condition:frightened | recharge | repeat-save | saving-throw,action,Unsettling Visage (Recharge 6),condition:frightened+recharge+repeat-save+saving-throw,,Doppelganger
condition:grappled+condition:paralyzed+condition:poisoned+repeat-save+saving-throw,False,False,8,1,1,0,1,condition:grappled | condition:paralyzed | condition:poisoned | repeat-save | saving-throw,action,Paralyzing Tentacles,condition:grappled+condition:paralyzed+condition:poisoned+repeat-save+saving-throw,,Chuul
damage+transformation,False,False,8,1,1,0,1,damage | transformation,bonus-action,Shape-Shift,damage+transformation,,Vampire
attack-roll+condition:poisoned+damage+damage:typed+max-hp-change+saving-throw,False,False,9,1,1,0,1,attack-roll | condition:poisoned | damage | damage:piercing | max-hp-change | saving-throw,action,Bite,attack-roll+condition:poisoned+damage+damage:piercing+max-hp-change+saving-throw,,Otyugh
aura+bonus-action+condition:restrained+damage+damage:typed+saving-throw,False,False,9,1,1,0,1,aura | bonus-action | condition:restrained | damage | damage:force | saving-throw,action,Entangling Rope (Requires Magic Rope),aura+bonus-action+condition:restrained+damage+damage:force+saving-throw,,Erinyes
aura+condition:charmed+condition:poisoned+damage+damage:typed+saving-throw,False,False,9,1,1,0,1,aura | condition:charmed | condition:poisoned | damage | damage:psychic | saving-throw,action,Corrupting Touch,aura+condition:charmed+condition:poisoned+damage+damage:psychic+saving-throw,,Lamia
aura+condition:grappled+condition:prone+damage+damage:typed+saving-throw,False,False,9,1,1,0,1,aura | condition:grappled | condition:prone | damage | damage:bludgeoning | saving-throw,action,Fling,aura+condition:grappled+condition:prone+damage+damage:bludgeoning+saving-throw,,Kraken
aura+condition:poisoned+condition:unconscious+damage+damage:typed+saving-throw,False,False,9,1,1,0,1,aura | condition:poisoned | condition:unconscious | damage | damage:poison | saving-throw,action,Sting,aura+condition:poisoned+condition:unconscious+damage+damage:poison+saving-throw,,Pseudodragon
aura+damage+damage:typed+recharge+saving-throw,False,False,9,1,1,0,1,aura | damage | damage:lightning | recharge | saving-throw,action,Lightning Storm (Recharge 5-6),aura+damage+damage:lightning+recharge+saving-throw,,Storm Giant
attack-roll+condition:petrified+condition:restrained+damage+damage:typed+repeat-save+saving-throw,False,False,10,1,1,0,1,attack-roll | condition:petrified | condition:restrained | damage | damage:piercing | repeat-save | saving-throw,action,Petrifying Bite,attack-roll+condition:petrified+condition:restrained+damage+damage:piercing+repeat-save+saving-throw,,Cockatrice
aura+condition:blinded+condition:grappled+condition:restrained+damage+damage:typed+saving-throw,False,False,10,1,1,0,1,aura | condition:blinded | condition:grappled | condition:restrained | damage | damage:lightning | saving-throw,action,Engulf,aura+condition:blinded+condition:grappled+condition:restrained+damage+damage:lightning+saving-throw,,Shambling Mound
aura+condition:blinded+damage+damage:typed+recharge+saving-throw,False,False,10,1,1,0,1,aura | condition:blinded | damage | damage:radiant | recharge | saving-throw,action,Blinding Spittle (Recharge 5-6),aura+condition:blinded+damage+damage:radiant+recharge+saving-throw,,Gibbering Mouther
aura+condition:unconscious+damage+damage:typed+recharge+saving-throw,False,False,10,1,1,0,1,aura | condition:unconscious | damage | damage:psychic | recharge | saving-throw,bonus-action,Nightmare (Recharge 6),aura+condition:unconscious+damage+damage:psychic+recharge+saving-throw,,Incubus
aura+damage+damage:typed+max-hp-change+saving-throw,False,False,10,1,1,0,1,aura | damage | damage:necrotic | max-hp-change | saving-throw,action,Life Drain,aura+damage+damage:necrotic+max-hp-change+saving-throw,,Wight
aura+healing+saving-throw+zero-hp-effect,False,False,10,1,1,0,1,aura | healing | saving-throw | zero-hp-effect,bonus-action,Consume Life,aura+healing+saving-throw+zero-hp-effect,,Will-o’-Wisp
condition:poisoned+damage+damage:typed+recharge+repeat-save+saving-throw,False,False,10,1,1,0,1,condition:poisoned | damage | damage:poison | recharge | repeat-save | saving-throw,action,Spores (Recharge 6),condition:poisoned+damage+damage:poison+recharge+repeat-save+saving-throw,,Vrock
damage+limited-use+max-hp-change+spellcasting,False,False,10,1,1,0,1,damage | limited-use | max-hp-change | spellcasting,action,Nightmare Haunting (1/Day; Requires Soul Bag),damage+limited-use+max-hp-change+spellcasting,,Night Hag
aura+condition:charmed+damage+damage:typed+max-hp-change+saving-throw,False,False,11,1,1,0,1,aura | condition:charmed | damage | damage:psychic | max-hp-change | saving-throw,action,Draining Kiss,aura+condition:charmed+damage+damage:psychic+max-hp-change+saving-throw,,Succubus
aura+condition:frightened+limited-use+repeat-save+saving-throw,False,False,11,1,1,0,1,aura | condition:frightened | limited-use | repeat-save | saving-throw,action,Scare (1/Day),aura+condition:frightened+limited-use+repeat-save+saving-throw,,Quasit
aura+condition:grappled+condition:prone+condition:restrained+damage+damage:typed+saving-throw,False,False,11,1,1,0,1,aura | condition:grappled | condition:prone | condition:restrained | damage | damage:acid | damage:piercing | saving-throw,action,Swallow,aura+condition:grappled+condition:prone+condition:restrained+damage+damage:acid+damage:piercing+saving-throw,,Kraken
aura+condition:grappled+condition:restrained+damage+damage:typed+recharge+saving-throw,False,False,11,1,1,0,1,aura | condition:grappled | condition:restrained | damage | damage:bludgeoning | recharge | saving-throw,action,Whelm (Recharge 4-6),aura+condition:grappled+condition:restrained+damage+damage:bludgeoning+recharge+saving-throw,,Water Elemental
attack-roll+condition:poisoned+damage+damage:typed+healing+repeat-save+saving-throw,False,False,12,1,1,0,1,attack-roll | condition:poisoned | damage | damage:piercing | damage:poison | healing | repeat-save | saving-throw,action,Bite,attack-roll+condition:poisoned+damage+damage:piercing+damage:poison+healing+repeat-save+saving-throw,,Pit Fiend
attack-roll+condition:poisoned+damage+damage:typed+max-hp-change+repeat-save+saving-throw,False,False,12,1,1,0,1,attack-roll | condition:poisoned | damage | damage:piercing | max-hp-change | repeat-save | saving-throw,action,Bite,attack-roll+condition:poisoned+damage+damage:piercing+max-hp-change+repeat-save+saving-throw,,Death Dog
aura+bonus-action+condition:incapacitated+recharge+saving-throw+zero-hp-effect,False,False,12,1,1,0,1,aura | bonus-action | condition:incapacitated | recharge | saving-throw | zero-hp-effect,action,Possession (Recharge 6),aura+bonus-action+condition:incapacitated+recharge+saving-throw+zero-hp-effect,,Ghost
aura+condition:charmed+condition:grappled+damage+damage:typed+saving-throw+zero-hp-effect,False,False,12,1,1,0,1,aura | condition:charmed | condition:grappled | damage | damage:psychic | saving-throw | zero-hp-effect,action,Consume Memories,aura+condition:charmed+condition:grappled+damage+damage:psychic+saving-throw+zero-hp-effect,,Aboleth
aura+condition:charmed+damage+limited-use+repeat-save+saving-throw,False,False,12,1,1,0,1,aura | condition:charmed | damage | limited-use | repeat-save | saving-throw,action,Dominate Mind (2/Day),aura+condition:charmed+damage+limited-use+repeat-save+saving-throw,,Aboleth
advantage+attachment-state+attack-roll+condition:blinded+damage+damage:typed+flat-modifier,False,False,13,1,1,0,1,advantage | attachment-state | attack-roll | condition:blinded | damage | damage:bludgeoning | flat-modifier,action,Crush,advantage+attachment-state+attack-roll+condition:blinded+damage+damage:bludgeoning+flat-modifier,,Darkmantle
attachment-state+attack-roll+aura+condition:blinded+damage+damage:typed,False,False,13,1,1,0,1,attachment-state | attack-roll | aura | condition:blinded | damage | damage:piercing,action,Attach,attachment-state+attack-roll+aura+condition:blinded+damage+damage:piercing,,Cloaker
aura+condition:frightened+damage+damage:typed+recharge+saving-throw+zero-hp-effect,False,False,13,1,1,0,1,aura | condition:frightened | damage | damage:psychic | recharge | saving-throw | zero-hp-effect,action,Death Glare (Recharge 5-6),aura+condition:frightened+damage+damage:psychic+recharge+saving-throw+zero-hp-effect,,Sea Hag
attack-roll+aura+damage+damage:typed+recharge+saving-throw+zero-hp-effect,False,False,14,1,1,0,1,attack-roll | aura | damage | damage:force | damage:slashing | recharge | saving-throw | zero-hp-effect,reaction,Deflect Missile (Recharge 5-6),attack-roll+aura+damage+damage:force+damage:slashing+recharge+saving-throw+zero-hp-effect,,Stone Giant
aura+concentration+condition:charmed+condition:incapacitated+damage+repeat-save+saving-throw,False,False,14,1,1,0,1,aura | concentration | condition:charmed | condition:incapacitated | damage | repeat-save | saving-throw,action,Luring Song,aura+concentration+condition:charmed+condition:incapacitated+damage+repeat-save+saving-throw,,Harpy
aura+concentration+condition:restrained+damage+damage:typed+repeat-save+saving-throw,False,False,14,1,1,0,1,aura | concentration | condition:restrained | damage | damage:thunder | repeat-save | saving-throw,action,Create Whirlwind,aura+concentration+condition:restrained+damage+damage:thunder+repeat-save+saving-throw,,Djinni
aura+condition:grappled+condition:incapacitated+condition:restrained+damage+damage:typed+healing+max-hp-change+saving-throw,False,False,16,1,1,0,1,aura | condition:grappled | condition:incapacitated | condition:restrained | damage | damage:necrotic | damage:piercing | healing | max-hp-change | saving-throw,action,Bite,aura+condition:grappled+condition:incapacitated+condition:restrained+damage+damage:necrotic+damage:piercing+healing+max-hp-change+saving-throw,,Vampire Spawn
aura+condition:grappled+condition:incapacitated+condition:restrained+damage+damage:typed+healing+max-hp-change+saving-throw+zero-hp-effect,False,False,19,1,1,0,1,aura | condition:grappled | condition:incapacitated | condition:restrained | damage | damage:necrotic | damage:piercing | healing | max-hp-change | saving-throw | zero-hp-effect,action,Bite (Bat or Vampire Form Only),aura+condition:grappled+condition:incapacitated+condition:restrained+damage+damage:necrotic+damage:piercing+healing+max-hp-change+saving-throw+zero-hp-effect,,Vampire
advantage+injured-target-advantage,True,False,2,1,1,1,0,advantage | injured-target-advantage,trait,Blood Frenzy,advantage+injured-target-advantage,Sahuagin Warrior,
attack-roll+damage+damage:typed+disadvantage,True,False,4,2,2,2,0,attack-roll | damage | damage:bludgeoning | damage:fire | damage:piercing | disadvantage,action,Hammer Throw | Morningstar,attack-roll+damage+damage:bludgeoning+damage:fire+disadvantage | attack-roll+damage+damage:piercing+disadvantage,Ettin | Fire Giant,
advantage+attack-roll+damage+damage:typed+injured-target-advantage,True,False,5,4,4,4,0,advantage | attack-roll | damage | damage:piercing | injured-target-advantage,action,Bite | Bites,advantage+attack-roll+damage+damage:piercing+injured-target-advantage,Giant Shark | Hunter Shark | Piranha | Swarm of Piranhas,
advantage+aura+condition:incapacitated,True,False,5,19,19,19,0,advantage | aura | condition:incapacitated,trait,Aura of Authority | Pack Tactics,advantage+aura+condition:incapacitated,Baboon | Blood Hawk | Dire Wolf | Giant Rat | Giant Vulture | Hell Hound | Hobgoblin Captain | Hobgoblin Warrior | Hyena | Kobold Warrior | Lion | Reef Shark | Tough | Tough Boss | Vulture | Warrior Infantry | Werewolf | Winter Wolf | Wolf,
attack-roll+damage+damage:typed+recharge,True,False,5,1,1,1,0,attack-roll | damage | damage:bludgeoning | recharge,action,Rock (Recharge 6),attack-roll+damage+damage:bludgeoning+recharge,Ape,
attack-roll+condition:blinded+condition:grappled+condition:restrained+damage+damage:typed,True,False,6,1,1,1,0,attack-roll | condition:blinded | condition:grappled | condition:restrained | damage | damage:bludgeoning,action,Smother,attack-roll+condition:blinded+condition:grappled+condition:restrained+damage+damage:bludgeoning,Animated Rug of Smothering,
attack-roll+condition:prone+damage+damage:typed+recharge,True,False,6,1,1,1,0,attack-roll | condition:prone | damage | damage:piercing | recharge,action,Gore (Recharge 5-6),attack-roll+condition:prone+damage+damage:piercing+recharge,Minotaur of Baphomet,
aura+condition:grappled+saving-throw,True,False,6,1,1,1,0,aura | condition:grappled | saving-throw,bonus-action,Quick Grapple,aura+condition:grappled+saving-throw,Bugbear Stalker,
aura+condition:incapacitated+damage+damage:typed,True,False,6,1,1,1,0,aura | condition:incapacitated | damage | damage:fire,trait,Fire Aura,aura+condition:incapacitated+damage+damage:fire,Azer Sentinel,
condition:blinded+condition:grappled+condition:prone+condition:restrained+damage+damage:typed,True,False,6,2,2,2,0,condition:blinded | condition:grappled | condition:prone | condition:restrained | damage | damage:acid,action,Swallow,condition:blinded+condition:grappled+condition:prone+condition:restrained+damage+damage:acid,Giant Frog | Giant Toad,
damage+saving-throw+zero-hp-effect,True,False,6,2,2,2,0,damage | saving-throw | zero-hp-effect,trait,Undead Fortitude,damage+saving-throw+zero-hp-effect,Ogre Zombie | Zombie,
ability-score-change+attack-roll+damage+damage:typed,True,False,7,1,1,1,0,ability-score-change | attack-roll | damage | damage:necrotic,action,Draining Swipe,ability-score-change+attack-roll+damage+damage:necrotic,Shadow,
aura+condition:grappled+damage+damage:typed+saving-throw,True,False,8,2,2,2,0,aura | condition:grappled | damage | damage:bludgeoning | saving-throw,action,Constrict,aura+condition:grappled+damage+damage:bludgeoning+saving-throw,Constrictor Snake | Giant Constrictor Snake,
aura+condition:prone+damage+damage:typed+recharge+saving-throw,True,False,10,1,1,1,0,aura | condition:prone | damage | damage:bludgeoning | recharge | saving-throw,action,Boulder Toss (Recharge 6),aura+condition:prone+damage+damage:bludgeoning+recharge+saving-throw,Giant Ape,
attachment-state+attack-roll+aura+damage+damage:typed,True,False,13,1,1,1,0,attachment-state | attack-roll | aura | damage | damage:necrotic | damage:piercing,action,Proboscis,attachment-state+attack-roll+aura+damage+damage:necrotic+damage:piercing,Stirge,
